sample_id,avg_coef,all_coefs
0.0,0.7090180246238068,"{0: 0.692, 1: 0.723, 2: 0.682, 3: 0.723, 4: 0.701, 5: 0.732}"
1.0,0.7298851472771645,"{0: 0.71, 1: 0.707, 2: 0.748, 3: 0.727, 4: 0.748, 5: 0.739}"
2.0,0.7011690302647055,"{0: 0.664, 1: 0.714, 2: 0.72, 3: 0.707, 4: 0.687, 5: 0.716}"
3.0,0.5823616708358776,"{0: 0.606, 1: 0.516, 2: 0.587, 3: 0.595, 4: 0.573, 5: 0.618}"
4.0,0.7080709043812853,"{0: 0.674, 1: 0.731, 2: 0.736, 3: 0.689, 4: 0.682, 5: 0.737}"
5.0,0.7250661973341032,"{0: 0.739, 1: 0.747, 2: 0.754, 3: 0.749, 4: 0.627, 5: 0.735}"
6.0,0.6558393599487735,"{0: 0.694, 1: 0.687, 2: 0.708, 3: 0.595, 4: 0.573, 5: 0.679}"
7.0,0.697536257392087,"{0: 0.65, 1: 0.71, 2: 0.714, 3: 0.705, 4: 0.697, 5: 0.709}"
8.0,0.6397663089510169,"{0: 0.657, 1: 0.589, 2: 0.68, 3: 0.632, 4: 0.616, 5: 0.664}"
9.0,0.5849553292032562,"{0: 0.604, 1: 0.639, 2: 0.639, 3: 0.574, 4: 0.472, 5: 0.581}"
10.0,0.7140102084298191,"{0: 0.686, 1: 0.737, 2: 0.733, 3: 0.745, 4: 0.667, 5: 0.716}"
11.0,0.6297597929407569,"{0: 0.648, 1: 0.613, 2: 0.658, 3: 0.579, 4: 0.617, 5: 0.664}"
12.0,0.7389891760918408,"{0: 0.735, 1: 0.786, 2: 0.781, 3: 0.686, 4: 0.674, 5: 0.773}"
13.0,0.6367786106683513,"{0: 0.689, 1: 0.665, 2: 0.709, 3: 0.587, 4: 0.487, 5: 0.684}"
14.0,0.7178464731257974,"{0: 0.755, 1: 0.697, 2: 0.755, 3: 0.736, 4: 0.617, 5: 0.748}"
15.0,0.6704528271544489,"{0: 0.652, 1: 0.668, 2: 0.7, 3: 0.655, 4: 0.651, 5: 0.697}"
16.0,0.7114559137937978,"{0: 0.669, 1: 0.737, 2: 0.732, 3: 0.702, 4: 0.721, 5: 0.708}"
17.0,0.657314999524405,"{0: 0.674, 1: 0.572, 2: 0.701, 3: 0.692, 4: 0.619, 5: 0.686}"
18.0,0.7460781214017221,"{0: 0.729, 1: 0.788, 2: 0.782, 3: 0.698, 4: 0.733, 5: 0.747}"
19.0,0.7034678977831413,"{0: 0.66, 1: 0.735, 2: 0.713, 3: 0.722, 4: 0.7, 5: 0.689}"
20.0,0.6528463090326951,"{0: 0.651, 1: 0.698, 2: 0.696, 3: 0.63, 4: 0.618, 5: 0.625}"
21.0,0.5914369708426587,"{0: 0.603, 1: 0.636, 2: 0.642, 3: 0.597, 4: 0.424, 5: 0.645}"
22.0,0.7237432391882394,"{0: 0.744, 1: 0.722, 2: 0.757, 3: 0.717, 4: 0.67, 5: 0.732}"
23.0,0.660228112569584,"{0: 0.698, 1: 0.668, 2: 0.701, 3: 0.669, 4: 0.562, 5: 0.663}"
24.0,0.8008172391017331,"{0: 0.784, 1: 0.847, 2: 0.829, 3: 0.733, 4: 0.821, 5: 0.792}"
25.0,0.7901665098255011,"{0: 0.744, 1: 0.829, 2: 0.814, 3: 0.753, 4: 0.793, 5: 0.808}"
26.0,0.6486964347489249,"{0: 0.676, 1: 0.667, 2: 0.691, 3: 0.674, 4: 0.506, 5: 0.678}"
27.0,0.684499541000196,"{0: 0.661, 1: 0.71, 2: 0.695, 3: 0.668, 4: 0.663, 5: 0.71}"
28.0,0.6199984457680553,"{0: 0.684, 1: 0.659, 2: 0.674, 3: 0.51, 4: 0.522, 5: 0.67}"
29.0,0.6578688299463246,"{0: 0.684, 1: 0.701, 2: 0.705, 3: 0.629, 4: 0.566, 5: 0.662}"
30.0,0.690928728041461,"{0: 0.72, 1: 0.73, 2: 0.74, 3: 0.659, 4: 0.599, 5: 0.697}"
31.0,0.6806528048942866,"{0: 0.715, 1: 0.712, 2: 0.728, 3: 0.634, 4: 0.607, 5: 0.688}"
32.0,0.5777384136838898,"{0: 0.646, 1: 0.581, 2: 0.64, 3: 0.492, 4: 0.497, 5: 0.61}"
33.0,0.6460867615310303,"{0: 0.666, 1: 0.655, 2: 0.689, 3: 0.662, 4: 0.519, 5: 0.685}"
34.0,0.6103190231960071,"{0: 0.648, 1: 0.672, 2: 0.668, 3: 0.532, 4: 0.491, 5: 0.652}"
35.0,0.7067400430405527,"{0: 0.712, 1: 0.704, 2: 0.732, 3: 0.751, 4: 0.6, 5: 0.742}"
36.0,0.7339711049094002,"{0: 0.671, 1: 0.763, 2: 0.739, 3: 0.749, 4: 0.723, 5: 0.758}"
37.0,0.6246429019678955,"{0: 0.668, 1: 0.614, 2: 0.678, 3: 0.622, 4: 0.511, 5: 0.655}"
38.0,0.6530323598725866,"{0: 0.684, 1: 0.583, 2: 0.693, 3: 0.677, 4: 0.595, 5: 0.687}"
39.0,0.7008409256624657,"{0: 0.656, 1: 0.731, 2: 0.678, 3: 0.738, 4: 0.664, 5: 0.738}"
40.0,0.5501582106294837,"{0: 0.622, 1: 0.485, 2: 0.623, 3: 0.509, 4: 0.462, 5: 0.599}"
41.0,0.7065302033228531,"{0: 0.725, 1: 0.744, 2: 0.712, 3: 0.705, 4: 0.637, 5: 0.716}"
42.0,0.5845008610107779,"{0: 0.638, 1: 0.625, 2: 0.637, 3: 0.506, 4: 0.479, 5: 0.623}"
43.0,0.6008384482671928,"{0: 0.667, 1: 0.59, 2: 0.672, 3: 0.538, 4: 0.484, 5: 0.656}"
44.0,0.711161889119511,"{0: 0.726, 1: 0.744, 2: 0.747, 3: 0.711, 4: 0.635, 5: 0.704}"
45.0,0.7307453423749158,"{0: 0.702, 1: 0.744, 2: 0.757, 3: 0.733, 4: 0.698, 5: 0.751}"
46.0,0.7282320209741684,"{0: 0.744, 1: 0.747, 2: 0.749, 3: 0.746, 4: 0.621, 5: 0.763}"
47.0,0.7716125756403823,"{0: 0.752, 1: 0.759, 2: 0.79, 3: 0.784, 4: 0.759, 5: 0.785}"
48.0,0.6736605258037169,"{0: 0.661, 1: 0.709, 2: 0.708, 3: 0.646, 4: 0.642, 5: 0.677}"
49.0,0.6902010171437744,"{0: 0.698, 1: 0.675, 2: 0.683, 3: 0.706, 4: 0.652, 5: 0.727}"
50.0,0.5973589967887786,"{0: 0.628, 1: 0.645, 2: 0.652, 3: 0.579, 4: 0.49, 5: 0.589}"
51.0,0.6552215366090658,"{0: 0.71, 1: 0.705, 2: 0.693, 3: 0.562, 4: 0.572, 5: 0.69}"
52.0,0.6523518089859723,"{0: 0.707, 1: 0.612, 2: 0.711, 3: 0.615, 4: 0.579, 5: 0.69}"
53.0,0.7689785539697763,"{0: 0.757, 1: 0.815, 2: 0.794, 3: 0.682, 4: 0.794, 5: 0.773}"
54.0,0.6034443065205038,"{0: 0.667, 1: 0.585, 2: 0.672, 3: 0.537, 4: 0.513, 5: 0.648}"
55.0,0.7078382139884942,"{0: 0.663, 1: 0.712, 2: 0.721, 3: 0.722, 4: 0.697, 5: 0.731}"
56.0,0.7533146017586715,"{0: 0.726, 1: 0.792, 2: 0.761, 3: 0.694, 4: 0.759, 5: 0.788}"
57.0,0.7435651945152649,"{0: 0.658, 1: 0.776, 2: 0.732, 3: 0.752, 4: 0.769, 5: 0.775}"
58.0,0.6025727521334687,"{0: 0.655, 1: 0.664, 2: 0.662, 3: 0.516, 4: 0.467, 5: 0.651}"
59.0,0.6972580843023884,"{0: 0.678, 1: 0.693, 2: 0.722, 3: 0.73, 4: 0.642, 5: 0.718}"
60.0,0.6852405441945967,"{0: 0.697, 1: 0.721, 2: 0.725, 3: 0.675, 4: 0.615, 5: 0.679}"
61.0,0.747199941463874,"{0: 0.716, 1: 0.782, 2: 0.774, 3: 0.74, 4: 0.708, 5: 0.762}"
62.0,0.7159551585917074,"{0: 0.738, 1: 0.717, 2: 0.726, 3: 0.712, 4: 0.691, 5: 0.713}"
63.0,0.5948013334707271,"{0: 0.645, 1: 0.631, 2: 0.649, 3: 0.555, 4: 0.478, 5: 0.611}"
64.0,0.7212241892602891,"{0: 0.729, 1: 0.715, 2: 0.749, 3: 0.705, 4: 0.702, 5: 0.727}"
65.0,0.7564838542585234,"{0: 0.678, 1: 0.782, 2: 0.748, 3: 0.77, 4: 0.777, 5: 0.784}"
66.0,0.5930438733141822,"{0: 0.616, 1: 0.584, 2: 0.645, 3: 0.58, 4: 0.487, 5: 0.646}"
67.0,0.6069974984374135,"{0: 0.622, 1: 0.563, 2: 0.636, 3: 0.59, 4: 0.588, 5: 0.643}"
68.0,0.582830836187163,"{0: 0.625, 1: 0.618, 2: 0.642, 3: 0.574, 4: 0.464, 5: 0.576}"
69.0,0.7907831282069687,"{0: 0.719, 1: 0.829, 2: 0.791, 3: 0.782, 4: 0.809, 5: 0.814}"
70.0,0.629644055322896,"{0: 0.667, 1: 0.696, 2: 0.685, 3: 0.555, 4: 0.498, 5: 0.676}"
71.0,0.6407711517247597,"{0: 0.696, 1: 0.642, 2: 0.698, 3: 0.622, 4: 0.507, 5: 0.679}"
72.0,0.6982221878943699,"{0: 0.627, 1: 0.725, 2: 0.695, 3: 0.709, 4: 0.707, 5: 0.727}"
73.0,0.7172500710446976,"{0: 0.674, 1: 0.748, 2: 0.737, 3: 0.71, 4: 0.727, 5: 0.709}"
74.0,0.6712765465342216,"{0: 0.656, 1: 0.674, 2: 0.703, 3: 0.662, 4: 0.654, 5: 0.678}"
75.0,0.7176933317541883,"{0: 0.727, 1: 0.711, 2: 0.735, 3: 0.689, 4: 0.73, 5: 0.713}"
76.0,0.614639414435657,"{0: 0.674, 1: 0.631, 2: 0.677, 3: 0.53, 4: 0.517, 5: 0.659}"
77.0,0.5797705447352645,"{0: 0.628, 1: 0.621, 2: 0.636, 3: 0.552, 4: 0.463, 5: 0.578}"
78.0,0.7062265451100284,"{0: 0.675, 1: 0.723, 2: 0.732, 3: 0.692, 4: 0.684, 5: 0.731}"
79.0,0.6949239099016741,"{0: 0.666, 1: 0.704, 2: 0.72, 3: 0.68, 4: 0.673, 5: 0.726}"
80.0,0.6253042826054332,"{0: 0.647, 1: 0.596, 2: 0.66, 3: 0.615, 4: 0.598, 5: 0.636}"
81.0,0.6945594793610034,"{0: 0.686, 1: 0.724, 2: 0.734, 3: 0.656, 4: 0.684, 5: 0.684}"
82.0,0.6924319099598947,"{0: 0.645, 1: 0.707, 2: 0.709, 3: 0.702, 4: 0.688, 5: 0.704}"
83.0,0.7119029385855352,"{0: 0.731, 1: 0.741, 2: 0.739, 3: 0.708, 4: 0.635, 5: 0.717}"
84.0,0.6323548437478995,"{0: 0.671, 1: 0.653, 2: 0.697, 3: 0.598, 4: 0.5, 5: 0.677}"
85.0,0.6664772618988748,"{0: 0.67, 1: 0.648, 2: 0.708, 3: 0.641, 4: 0.654, 5: 0.678}"
86.0,0.6352730604671376,"{0: 0.641, 1: 0.609, 2: 0.675, 3: 0.617, 4: 0.613, 5: 0.656}"
87.0,0.708507250448632,"{0: 0.664, 1: 0.737, 2: 0.726, 3: 0.695, 4: 0.69, 5: 0.739}"
88.0,0.6493565582125563,"{0: 0.692, 1: 0.696, 2: 0.706, 3: 0.554, 4: 0.545, 5: 0.703}"
89.0,0.590260210505664,"{0: 0.589, 1: 0.499, 2: 0.63, 3: 0.6, 4: 0.595, 5: 0.627}"
