sample_id,snli_id,sentence_1,sentence_2,label,item_difficulty,average_accuracy,flesch_score_textstat,mean_grade_level_textstat,number_of_words,number_of_characters,label_1,label_2,label_3,pred_label,softmax_entropy,confidence
0,1947351225.jpg#0r1c,A little boy is opening gifts surrounded by a group of children and adults.,The boy is being punished,contradiction,-1.75982247491244,0.8391393442622951,78.75,6.0,19,101,0.002023930661380291,0.9429366588592529,0.05503937602043152,contradiction,0.32829277770463555,0.9429366588592529
1,3626964430.jpg#0r1e,"People playing cricket in the park, pine trees in the back.","People are playing sports in the park, near the pine trees",entailment,-2.1790869834078,0.8862704918032787,94.15,5.0,22,118,0.9258924722671509,0.0009161178604699671,0.07319138199090958,entailment,0.3881881582733254,0.9258924722671509
2,4576144189.jpg#3r1e,Some people hanging out on a large backyard deck.,people hanging out on deck,entailment,-3.13717793250355,0.951844262295082,81.29,3.0,14,76,0.9831142425537109,0.0003768097376450896,0.016509007662534714,entailment,0.12618329699499573,0.9831142425537109
3,507370108.jpg#3r1n,A group of dancers are performing.,The audience is silent.,neutral,-1.98210490343004,0.8657786885245902,83.32,3.0,10,58,0.002088247099891305,0.2527822256088257,0.7451295256614685,neutral,0.8363814247218131,0.7451295256614685
4,3361210233.jpg#0r1n,A large brown and white dog is carrying a stick through a white and snowy area.,A puppy is playing fetch with a stick.,neutral,-0.280871833963571,0.5655737704918032,93.14,4.0,24,118,0.005250540096312761,0.005114634055644274,0.9896348118782043,neutral,0.09356829386555589,0.9896348118782043
5,3512127856.jpg#2r1n,A little girl in pink stands in a yellow hallway.,The girl is standing outside her apartment.,neutral,-1.40847862599424,0.7889344262295082,79.77,4.0,17,93,0.03517507389187813,0.870911717414856,0.09391316771507263,contradiction,0.664013632263932,0.870911717414856
6,6775386430.jpg#1r1n,A young boy in a sweatshirt is doodling on a piece of paper.,The class pictures are on display.,contradiction,0.962349262458267,0.2899590163934426,87.21,4.0,19,95,0.015453945845365524,0.19405753910541534,0.7904885411262512,neutral,0.8201219867591326,0.7904885411262512
7,3433982387.jpg#1r1n,A young girl in a white dress watches bubbles while a woman and girl toddler observe.,A girl is watching bubbles.,entailment,-3.76147309861573,0.9733606557377048,86.2,4.0,21,113,0.9818534255027771,0.00037653668550774455,0.017769990488886833,entailment,0.13354606675406167,0.9818534255027771
8,358127240.jpg#4r1n,a toddler playing with a toy car next to a dog.,A toddler plays with toy cars while his dog sleeps.,neutral,-1.17515875979249,0.75,103.12,2.0,21,99,0.0076204645447432995,0.03691725432872772,0.9554622769355774,neutral,0.29212853600151084,0.9554622769355774
9,4919196839.jpg#0r1e,A man in and a woman are holding their towels at the beach.,People are at the beach,entailment,-3.42068383007488,0.9631147540983608,96.18,4.0,18,83,0.9750165939331055,0.0005184225155971944,0.02446497604250908,entailment,0.17221163392203048,0.9750165939331055
10,2550027486.jpg#3r1n,Man and woman crossing the street at dusk.,A husband and a wife are enjoying a leisurely stroll in the evening.,neutral,-1.33186925978517,0.7766393442622951,86.2,6.0,21,111,0.00397299462929368,0.15064333379268646,0.8453837037086487,neutral,0.6479172667112234,0.8453837037086487
11,5635975939.jpg#3r1c,A woman singing into a microphone while a man plays drums in the background.,They are playing a PlayStation.,contradiction,0.327321146263317,0.4252049180327868,78.75,6.0,19,108,0.0006788898608647287,0.9949971437454224,0.004323972854763269,contradiction,0.04830252481131796,0.9949971437454224
12,4900546628.jpg#2r1n,"Two men in front of a projector screen, one at a microphone.",Three men about to present their best idea yet in front of their company.,neutral,-1.19853076001311,0.7540983606557377,92.12,6.0,26,134,0.0025537502951920033,0.8374032378196716,0.16004300117492676,contradiction,0.6594444194690718,0.8374032378196716
13,7786624414.jpg#2r1c,A cyclist is optimistic as he rushes through the air while on his BMX bike at a bicycle event.,A snowboarder flies through the air,contradiction,-0.911334779346956,0.7008196721311475,84.17,5.0,25,130,0.00026374045410193503,0.9992146492004395,0.0005216486169956625,contradiction,0.009956521828724623,0.9992146492004395
14,2731171552.jpg#1r1c,A boy in a blue and white shirt is pointing up and a second boy in a white shirt shields his eyes.,Two boys puch each other on swings.,contradiction,0.131191355265525,0.4702868852459016,99.06,3.0,29,134,0.0015845183515921235,0.9803596138954163,0.0180558729916811,contradiction,0.14736234263085174,0.9803596138954163
15,2895548671.jpg#2r1n,A group of people in dark clothing are crossing a crosswalk.,A group of people in dark clothing are crossing a crosswalk to get to the store,neutral,-1.61501394452806,0.819672131147541,83.15,6.0,27,140,0.0014032113831490278,0.0010153764160349965,0.9975813627243042,neutral,0.02688003911590628,0.9975813627243042
16,4937760948.jpg#4r1e,A girl is holding a camera and making a hand gesture.,A girl holds a camera.,entailment,-3.98274862480943,0.9784836065573772,88.74,3.0,16,76,0.9893386960029602,0.00040026698843576014,0.010260950773954391,entailment,0.0876072621908186,0.9893386960029602
17,75204250.jpg#2r1n,A man posing with a antique sewing machine.,He is a sewer.,neutral,-1.88410835880238,0.8545081967213115,90.77,2.0,12,58,0.1157904863357544,0.004979299381375313,0.8792302012443542,neutral,0.5615086369508162,0.8792302012443542
18,2916012955.jpg#4r1n,Five people standing by a gate.,Five fat people standing by a gate.,neutral,-2.07720861227919,0.8760245901639344,90.26,3.0,13,67,0.0009375076042488217,0.0011987840989604592,0.9978637099266052,neutral,0.024142256930362756,0.9978637099266052
19,2496713113.jpg#3r1c,Man sweeping trash outside a large statue.,A man is on vacation.,contradiction,0.0384307516550445,0.4918032786885246,82.31,3.0,12,64,0.0018389112083241343,0.33183449506759644,0.6663265824317932,neutral,0.9350793616563053,0.6663265824317932
20,4351734575.jpg#0r1e,A man wearing an orange suit with his face painted white is holding a guitar above his shoulder.,There is one man in this picture.,entailment,0.763229378915494,0.3299180327868852,84.17,5.0,25,130,0.9848985075950623,0.002743192482739687,0.012358413077890873,entailment,0.123298132165617,0.9848985075950623
21,7067778185.jpg#2r1e,Two men and a woman are inspecting the front tire of a bicycle.,There are a group of people near a bike.,entailment,-1.93676687534496,0.860655737704918,85.69,6.0,22,104,0.9802582263946533,0.0005824707914143801,0.01915920339524746,entailment,0.1437761196997805,0.9802582263946533
22,4923755473.jpg#1r1n,This path leads up to the apple market entrance.,This road goes up to apple market entrance,entailment,-1.1234469428653,0.7407786885245902,79.77,4.0,17,91,0.9484458565711975,0.0027229641564190388,0.04883120208978653,entailment,0.30833849555186155,0.9484458565711975
23,956164675.jpg#2r1e,A single runner is watched by onlookers in a race.,A man is running in a race.,entailment,-0.523092234344364,0.6198770491803278,88.23,6.0,17,78,0.39270898699760437,0.007192469201982021,0.6000985503196716,neutral,1.022870421614155,0.6000985503196716
24,3590653633.jpg#4r1c,Two rodeo clowns are on the dirt.,Two circus clowns were riding bicycles.,contradiction,0.622663278953605,0.3596311475409836,90.26,3.0,13,73,0.0008666451903991401,0.9961013793945312,0.0030320442747324705,contradiction,0.03979393523138269,0.9961013793945312
25,3469609037.jpg#1r1n,A boy does a skateboarding trick in the air while holding the board with his left hand.,A sad boy does a skateboarding trick in the air while holding the board with his left hand.,neutral,-1.62233102085706,0.8206967213114754,87.55,6.0,35,179,0.0014248295919969678,0.0011865418637171388,0.9973886609077454,neutral,0.028766270646505148,0.9973886609077454
26,87938334.jpg#1r1e,A young boy in a beige jacket laughs as he reaches for a teal balloon.,The boy plays with the balloon.,entailment,-0.704480583986331,0.6588114754098361,94.66,3.0,21,102,0.807041585445404,0.006095777731388807,0.18686269223690033,entailment,0.7466568191498509,0.807041585445404
27,3309042087.jpg#4r1n,A scene of snow and water.,a snow and water scene at sunset,neutral,-1.46801469540934,0.798155737704918,98.72,0.0,13,59,0.0014227050123736262,0.0018862541764974594,0.9966909885406494,neutral,0.03529173624575176,0.9966909885406494
28,7060264119.jpg#2r1c,"A group of people are gathered in a crowd, some of which are holding spears.",A crowd of people are holding swords,contradiction,0.0516687497760844,0.4887295081967213,94.15,5.0,22,113,0.03201594948768616,0.9218747019767761,0.046109460294246674,contradiction,0.4718205937147632,0.9218747019767761
29,3386694897.jpg#3r1e,A man prepares food in a shanty kitchen.,A man is fixing a meal.,entailment,-2.18969460684385,0.8872950819672131,98.21,0.0,14,64,0.7535262107849121,0.001263543963432312,0.24521023035049438,entailment,0.8170722430374887,0.7535262107849121
30,4291704682.jpg#3r1n,There are two people sweeping a sidewalk in this picture.,The man is clearing leaves from the sidewalk.,neutral,-0.985463268499332,0.7151639344262295,87.72,4.0,18,103,0.03263331204652786,0.34960827231407166,0.6177584528923035,neutral,1.1204707152970548,0.6177584528923035
31,2178095150.jpg#2r1c,The dogs ran around the dirt racetrack.,Dogs are humping each other.,contradiction,-0.900907428898312,0.6987704918032787,90.77,2.0,12,68,0.013563315384089947,0.8505508303642273,0.1358858048915863,contradiction,0.6740661393854663,0.8505508303642273
32,3543378438.jpg#1r1c,"A man is sitting in front of a harpsichord, and a woman is preparing to sing.",a boy covers his ears,contradiction,1.39643765267491,0.2131147540983606,86.2,4.0,21,99,0.0011692728148773313,0.9946594834327698,0.004171239212155342,contradiction,0.05204797094218809,0.9946594834327698
33,2858757067.jpg#3r1e,Two people dressed in red and white wait at the horse track with a horse.,The people at the track are outdoors.,entailment,0.264525073991547,0.4395491803278688,102.61,5.0,22,111,0.841320812702179,0.0012597739696502686,0.15741939842700958,entailment,0.6417397692441804,0.841320812702179
34,4573386995.jpg#1r1c,A person is standing next to a wooden fence with flowering trees nearby.,The bare tree branches rattle in the wind.,contradiction,-0.0674811522588409,0.5163934426229508,77.74,5.0,21,115,0.001829841872677207,0.981637179851532,0.0165330171585083,contradiction,0.1407387294675744,0.981637179851532
35,4829253619.jpg#4r1c,An old woman in a cowboy hat smokes a cigarette.,The old lady is ten feet tall.,contradiction,0.81807490871417,0.3186475409836065,88.23,4.0,17,79,0.02353503741323948,0.8900027871131897,0.08646222203969955,contradiction,0.5822939332528849,0.8900027871131897
36,3163477256.jpg#4r1n,Two soccer players are playing soccer.,Two people play a game.,entailment,-2.89137864966534,0.9395491803278688,74.35,4.0,11,62,0.9267449378967285,0.0011848155409097672,0.07207019627094269,entailment,0.3867002852640347,0.9267449378967285
37,31648340.jpg#1r1n,A wielder works on wielding a beam into place while other workers set beams.,The wielder is working on a building.,neutral,-0.0012751313475036,0.5010245901639344,77.74,5.0,21,114,0.8207988142967224,0.0032152216881513596,0.17598597705364227,entailment,0.7015731117773557,0.8207988142967224
38,2965189317.jpg#2r1n,A man is popping balloons inside a cubicle using a handmade tool.,A man is popping balloons inside a cubicle using a handmade knife.,neutral,-0.560624190550773,0.6280737704918032,59.3,8.0,24,132,0.03631901741027832,0.020408447831869125,0.943272590637207,neutral,0.3677796550411132,0.943272590637207
39,3600403707.jpg#2r1c,a man wearing a gray shirt waving in the middle of a plant nursery,The man does not have a way to get home.,neutral,-1.57888802055219,0.8145491803278688,80.96,8.0,24,107,0.00591168412938714,0.08146408200263977,0.912624180316925,neutral,0.4588531840973544,0.912624180316925
40,430292291.jpg#2r1c,People were watching the tournament in the stadium.,The people are sitting outside on the grass.,contradiction,0.408824906704733,0.4067622950819672,63.36,7.0,16,96,0.0033094598911702633,0.9852150678634644,0.011475547216832638,contradiction,0.12240231271687327,0.9852150678634644
41,2983889345.jpg#4r1n,Two soccer players on the field running into each other.,There are two people colliding and falling.,neutral,0.413382406226253,0.4057377049180328,71.31,6.0,17,100,0.0712304636836052,0.02190617471933365,0.9068633913993835,neutral,0.5201498923848235,0.9068633913993835
42,2760167.jpg#4r1c,Nine men wearing tuxedos sing.,Nine woman wearing dresses sing.,contradiction,0.0560820192002633,0.4877049180327868,74.86,2.0,10,63,0.00023504217097070068,0.9993371367454529,0.000427826278610155,contradiction,0.008577054712012314,0.9993371367454529
43,4676792744.jpg#2r1c,A man and woman walking away from a crowded street fair.,There are a group of men walking together.,contradiction,-0.178193431683451,0.5420081967213115,87.21,4.0,19,99,0.002222527051344514,0.9893242716789246,0.00845324993133545,contradiction,0.09311923688220819,0.9893242716789246
44,168728234.jpg#2r1n,"A man on stilts in a purple, yellow and white costume.",A man is performing on stilts.,entailment,-1.11777276144397,0.7397540983606558,88.23,4.0,17,85,0.43471211194992065,0.0021412603091448545,0.5631466507911682,neutral,1.0079742492031432,0.5631466507911682
45,2970162432.jpg#0r1e,A young woman with glasses sits at the end of a row of seats and speaks into a microphone.,A young woman wearing glasses,entailment,-1.96380355838005,0.8637295081967213,84.68,6.0,24,120,0.9783287048339844,0.0005750416894443333,0.021096186712384224,entailment,0.15455331990941026,0.9783287048339844
46,218854747.jpg#3r1n,Two friends walk down the street with a stuffed animal.,Two friends are walking on the sidewalk.,entailment,0.622663278953605,0.3596311475409836,96.69,5.0,17,96,0.05511123687028885,0.09146591275930405,0.8534228205680847,neutral,0.7412124237419291,0.8534228205680847
47,2979997455.jpg#0r1n,Two men and one woman are dressed in costume hats.,the people are swingers,neutral,-1.7282607601362,0.8350409836065574,98.21,3.0,14,74,0.0033651920966804028,0.29143577814102173,0.7051990628242493,neutral,0.901384881062964,0.7051990628242493
48,4360937435.jpg#3r1n,People judge a gray and white dog in a show.,A dog is being judged for first place in a show.,neutral,-0.155993395303353,0.5368852459016393,103.12,1.0,21,93,0.0012449882924556732,0.0008490725886076689,0.997905969619751,neutral,0.023693718656800505,0.997905969619751
49,2959165388.jpg#4r1e,Eight people are sitting on a long boat on a sunny day.,Morning ride on boat,neutral,-1.48150739238539,0.8002049180327869,88.74,3.0,16,76,0.30870792269706726,0.01046907901763916,0.6808229684829712,neutral,0.9699516089932347,0.6808229684829712
50,4910374312.jpg#4r1e,A picture of two little boys holding books.,A picture of children with books.,entailment,-3.57789458369205,0.9682377049180328,81.29,4.0,14,77,0.9843738079071045,0.00040304468711838126,0.015223177149891853,entailment,0.11882310262199462,0.9843738079071045
51,4520820052.jpg#1r1c,"A woman in her early fifties walks by herself in the subway, another woman is not far behind.",back in the fifties a woman could walk by herself in the subway.,contradiction,1.27196847630062,0.2336065573770492,72.66,6.0,31,158,0.9560986757278442,0.002303343964740634,0.041598040610551834,entailment,0.27293162405025995,0.9560986757278442
52,3574847368.jpg#0r1c,"A man is standing in what appears to be a parking lot and shaving his face, while his dog looks at the ground near his feet.",A women is walking with a man,contradiction,-0.312349806842799,0.5727459016393442,88.57,7.0,33,154,0.008339561522006989,0.9504824280738831,0.041178010404109955,contradiction,0.3167319947051657,0.9504824280738831
53,408627152.jpg#3r1c,A white dog with a life vest accompanies a man in a boat.,man eats carrot,contradiction,0.570644860260245,0.3709016393442623,88.74,6.0,16,73,0.00026592693757265806,0.9989432692527771,0.0007907851249910891,contradiction,0.01283062480070169,0.9989432692527771
54,3873342570.jpg#2r1c,A young girl in a pink shirt sitting on a dock viewing a body of water.,An old woman viewing a body of water.,contradiction,-0.880167433535095,0.694672131147541,84.68,5.0,24,109,0.0005277140298858285,0.998455286026001,0.0010169363813474774,contradiction,0.018082394493125188,0.998455286026001
55,5975778602.jpg#1r1e,A bunch of happy children having fun swimming and one boy is showing off his talent with a back flip.,Kids are having fun,entailment,-2.98760413222505,0.944672131147541,84.68,5.0,24,121,0.977564811706543,0.0004867959942203015,0.021948449313640594,entailment,0.15828846315314227,0.977564811706543
56,6156372684.jpg#1r1c,"Two cyclists, in yellow, are competing in a race.",A Mustang and a Corvette are competing in a drag race.,contradiction,-0.854450581047999,0.6895491803278688,78.25,5.0,20,104,0.00022812718816567212,0.9992997646331787,0.0004720517317764461,contradiction,0.00898523514522354,0.9992997646331787
57,339800370.jpg#0r1c,The backside of a woman leaning against the guard rail of a passenger boat looking out at the open ocean.,The woman is driving her car on the highway.,contradiction,-1.94572484912156,0.8616803278688525,82.14,6.0,29,150,0.00019983196398243308,0.9994606375694275,0.00033951643854379654,contradiction,0.007146291349803382,0.9994606375694275
58,152979089.jpg#4r1c,A police vehicle in an urban area.,A cop car in a suburban area,contradiction,-0.499787915845116,0.6147540983606558,81.29,4.0,14,63,0.007530164439231157,0.9822437167167664,0.010226154699921608,contradiction,0.14611035145128823,0.9822437167167664
59,2849864963.jpg#0r1n,6 men in work jumpsuits and 1 man in an orange jumpsuit are walking next to green and red loading docks.,All 7 men are best friends.,neutral,-2.65694733849449,0.9252049180327868,91.61,4.0,27,132,0.0016232748748734593,0.24235224723815918,0.7560244798660278,neutral,0.8156622581218688,0.7560244798660278
60,4758348295.jpg#2r1e,This man is walking past a wall that has art on it.,A man walks past a wall mural.,entailment,-0.366621650232289,0.5850409836065574,104.13,0.0,19,82,0.18994584679603577,0.001053338753990829,0.8090008497238159,neutral,0.7129750642513218,0.8090008497238159
61,3655773435.jpg#0r1n,A black dog has just jumped into a swimming pool.,A dog jumped into a pool to cool off.,neutral,-0.758668173306616,0.6700819672131147,95.67,4.0,19,87,0.026338450610637665,0.0008691183174960315,0.9727924466133118,neutral,0.18574024032893033,0.9727924466133118
62,3933863527.jpg#3r1c,A ballerina in a black dress and tights dances in front of a concrete wall.,a man dancing,contradiction,0.011959754254919,0.4979508196721312,87.72,4.0,18,89,0.021079659461975098,0.9708343744277954,0.00808598194271326,contradiction,0.2150296038355259,0.9708343744277954
63,6659698.jpg#3r1e,there is a lady standing and six people laying on a gym floor.,There are seven people in the gym.,entailment,-1.43470648885698,0.7930327868852459,86.71,4.0,20,97,0.9420984983444214,0.01006130501627922,0.04784009978175163,entailment,0.3576340525471216,0.9420984983444214
64,2908391335.jpg#4r1e,A couple is back to back in formal attire.,Two people are facing away from each other.,entailment,-2.10700785310403,0.8790983606557377,79.77,4.0,17,86,0.005081769544631243,0.9828680753707886,0.012050104327499866,contradiction,0.14004565942330452,0.9828680753707886
65,3427852996.jpg#4r1e,A biker pops a wheelie along side the colorful wall.,A person is riding a bike near a wall.,entailment,-2.70352518053176,0.9282786885245902,87.21,4.0,19,91,0.9795709848403931,0.00043444675975479186,0.0199945829808712,entailment,0.14687623389900437,0.9795709848403931
66,4717499333.jpg#4r1e,A street vendor selling cupcakes.,There is a person outside in this picture,entailment,0.0340185723949659,0.492827868852459,73.34,5.0,13,75,0.9820408821105957,0.00044814078137278557,0.017511002719402313,entailment,0.13284762397338631,0.9820408821105957
67,2175758177.jpg#1r1n,An infant napping in it's crib in pajamas.,A baby is sleeping in a crib with its blanket.,neutral,-1.18681378985158,0.7520491803278688,79.26,4.0,18,89,0.0011458148946985602,0.002030962845310569,0.9968231916427612,neutral,0.03393393152126568,0.9968231916427612
68,3456488632.jpg#2r1e,A couple kissing in front of a black Mercedes Benz limousine,A couple kissing in front of a car,entailment,-3.39174982677674,0.9620901639344264,77.57,7.0,19,95,0.26340264081954956,0.7062380313873291,0.030359264463186264,contradiction,1.0143945254681275,0.7062380313873291
69,961664774.jpg#2r1e,A group of people in blue pants and shirts in motion.,There are people moving.,entailment,-2.83717654997039,0.9364754098360656,89.24,3.0,15,78,0.988092303276062,0.0003614976885728538,0.01154620386660099,entailment,0.09552617694914625,0.988092303276062
70,2775461796.jpg#2r1c,A father and children ride bikes in city street.,A woman and her daughters ride their bikes.,contradiction,-0.439699398931061,0.6014344262295082,96.69,6.0,17,92,0.000433650566264987,0.9981062412261963,0.0014600318390876055,contradiction,0.021326992711755324,0.9981062412261963
71,8089660385.jpg#3r1n,a poor looking person with white cream smeared around his eyes sitting on a backpack.,A dirty man with some product under his eyes is sitting on a pillow.,contradiction,-0.289853084965219,0.5676229508196722,82.14,6.0,29,154,0.5770477056503296,0.2773679196834564,0.1455843299627304,entailment,1.3756368654674231,0.5770477056503296
72,248698033.jpg#2r1n,A man sleeping on a chair with a newspaper on his chest.,the man is a farmer,neutral,-2.12722732671896,0.8811475409836066,96.69,5.0,17,76,0.000533125305082649,0.007590376306325197,0.991876482963562,neutral,0.07091729401618961,0.991876482963562
73,3011809448.jpg#3r1n,A boy in a gray hoodie and black cap holds up an American flag.,A person is holding an American flag.,entailment,-4.08591834540005,0.980532786885246,86.2,4.0,21,101,0.9794054627418518,0.00042061699787154794,0.020173901692032814,entailment,0.14772747301834968,0.9794054627418518
74,26720379.jpg#4r1n,A young boy asleep in a stroller.,A young boy is taking his afternoon nap.,neutral,-0.636687418573376,0.6444672131147541,97.7,3.0,15,74,0.005279206670820713,0.0008014538325369358,0.9939193725585938,neutral,0.05692848216560059,0.9939193725585938
75,7712223846.jpg#1r1e,"Neck and neck to the finish line, every competitor has been training for this race.",The competitors have trained very hard and are all very close to the finish line.,entailment,-1.70498516167454,0.8319672131147541,81.63,8.0,30,165,0.40181294083595276,0.0017598042031750083,0.5964272022247314,neutral,0.9893346189020333,0.5964272022247314
76,8040947572.jpg#2r1c,A football team wearing purple and white trying to stop the runner with the ball.,Lacrosse players celebrate a victory.,contradiction,-0.651111325149481,0.6475409836065574,69.79,6.0,20,119,0.00021890044445171952,0.9993933439254761,0.0003877419512718916,contradiction,0.00793033348780424,0.9993933439254761
77,4637341301.jpg#3r1n,Many small sailboats sitting at a dock., Many small sailboats docked.,entailment,-2.48626802365118,0.9129098360655736,91.27,2.0,11,69,0.9530295729637146,0.000878723687492311,0.04609169438481331,entailment,0.2796852245129988,0.9530295729637146
78,3060969260.jpg#3r1n,One biker is running with their bike while another is riding around them.,The people are part of a club,neutral,-1.99134124411896,0.8668032786885246,86.71,4.0,20,103,0.0009643888915888965,0.04243442788720131,0.9566012024879456,neutral,0.26433634875657325,0.9566012024879456
79,2800531753.jpg#0r1n,A person wearing an orange shirt with a backpack on looking across a segment of lush green trees.,A person is meditating and looking at the peaceful lush green trees.,neutral,-1.45461985942309,0.7961065573770492,73.17,7.0,30,166,0.003523244522511959,0.002523604780435562,0.9939531683921814,neutral,0.05918728738730933,0.9939531683921814
80,3611694228.jpg#3r1n,Two men fight in a ring while spectators look on.,Boxers fight as the crowd screams.,neutral,-0.371163703629936,0.5860655737704918,97.2,5.0,16,84,0.0040237377397716045,0.036402031779289246,0.959574282169342,neutral,0.2631406404172803,0.959574282169342
81,8025717431.jpg#3r1c,Girls playing soccer competitively in the grass.,Nobody is playing soccer.,contradiction,-3.45038996410637,0.9641393442622952,48.97,8.0,11,74,0.00021462647418957204,0.999380350112915,0.0004049289273098111,contradiction,0.00807253332168702,0.999380350112915
82,2258951972.jpg#4r1n,Two gray dogs running in green grass.,Two gray dogs are running.,entailment,-3.98274862480943,0.9784836065573772,99.23,2.0,12,64,0.9845532178878784,0.00034662679536268115,0.01510021835565567,entailment,0.11744186437385443,0.9845532178878784
83,7671851684.jpg#0r1e,"Five men in red shirts, in a line, on a basketball court, four with hands on their hearts, and same four looking upward.",A team of basketball players are on the court.,entailment,-0.187083774929628,0.5440573770491803,89.08,8.0,32,167,0.24693959951400757,0.005397997796535492,0.7476624250411987,neutral,0.8526074513007766,0.7476624250411987
84,3208999896.jpg#4r1c,"A bride, a groom, 3 guys, and 3 women.",The unrelated people wander aimlessly.,contradiction,0.206578423229741,0.4528688524590163,64.37,4.0,14,77,0.0014124666340649128,0.9922059178352356,0.006381567567586899,contradiction,0.07110668960122049,0.9922059178352356
85,3381788544.jpg#0r1c,"A group of asian women in sports attire, and one woman in the center is wearing a baseball cap.",Men are playing with a dog,contradiction,-0.622316841093204,0.6413934426229508,84.17,5.0,25,122,0.0002409052976872772,0.9992444515228271,0.0005147374467924237,contradiction,0.009608177200120784,0.9992444515228271
86,3070485870.jpg#3r1n,A snowboarder is jumping over a snow slope.,A girl jumps her green snowboard over a slope.,neutral,-0.885338307049123,0.6956967213114754,96.69,6.0,17,90,0.002432875568047166,0.0056541054509580135,0.9919129610061646,neutral,0.07496099889244658,0.9919129610061646
87,4788967880.jpg#0r1n,a group of people on a dock lowering into the water a boat with teal and purple decorations.,The group was getting ready to go fishing on the boat.,neutral,-1.6896493595599,0.8299180327868853,73.68,7.0,29,147,0.0049451617524027824,0.019603105261921883,0.9754517674446106,neutral,0.18406013031509888,0.9754517674446106
88,4831683216.jpg#0r1c,A young girl in a bathing suit drinking a beverage in a green bottle.,The girl is drinking milk from a sippy cup.,contradiction,0.52387985779839,0.3811475409836065,85.18,6.0,23,113,0.0023060915991663933,0.9623261094093323,0.03536784648895264,contradiction,0.2440403614358973,0.9623261094093323
89,3030015033.jpg#2r1n,Two people are sitting at a table outside of a building.,Two people are sitting eating lunch,neutral,-1.83320293410174,0.8483606557377049,71.31,4.0,17,92,0.004033470060676336,0.0019602917600423098,0.9940061569213867,neutral,0.05833473933518883,0.9940061569213867
