sample_id,confidence,pred_label
0,0.5,0
1,0.5,0
2,0.5,0
3,0.5,0
4,0.5,1
5,0.5,1
6,0.5,1
7,0.5,0
8,0.5,0
9,0.5,0
10,0.5,1
11,0.5,1
12,0.5,0
13,0.5,0
14,0.5,0
15,0.5,1
16,0.5,1
17,0.5,0
18,0.5,0
19,0.5,0
20,0.5,1
21,0.5,0
22,0.5,1
23,0.5,0
24,0.5,1
25,0.5,1
26,0.5,0
27,0.5,1
28,0.5,0
29,0.5,1
30,0.5,1
31,0.5,1
32,0.5,1
33,0.5,0
34,0.5,1
35,0.5,0
36,0.5,0
37,0.5,0
38,0.5,0
39,0.5,0
40,0.5,1
41,0.5,1
42,0.5,0
43,0.5,1
44,0.5,1
45,0.5,1
46,0.5,0
47,0.5,0
48,0.5,0
49,0.5,0
50,0.5,0
51,0.5,0
52,0.5,0
53,0.5,0
54,0.5,0
55,0.5,1
56,0.5,0
57,0.5,0
58,0.5,0
59,0.5,1
60,0.5,1
61,0.5,0
62,0.5,0
63,0.5,0
64,0.5,0
65,0.5,1
66,0.5,1
67,0.5,1
68,0.5,1
69,0.5,1
70,0.5,0
71,0.5,1
72,0.5,0
73,0.5,1
74,0.5,0
75,0.5,1
76,0.5,1
77,0.5,1
78,0.5,0
79,0.5,0
80,0.5,0
81,0.5,1
82,0.5,0
83,0.5,1
84,0.5,1
85,0.5,0
86,0.5,1
87,0.5,0
88,0.5,1
89,0.5,1
90,0.5,0
91,0.5,0
92,0.5,1
93,0.5,0
94,0.5,1
95,0.5,1
96,0.5,1
97,0.5,0
98,0.5,1
99,0.5,1
100,0.5,0
101,0.5,1
102,0.5,1
103,0.5,1
104,0.5,0
105,0.5,1
106,0.5,0
107,0.5,1
108,0.5,0
109,0.5,0
110,0.5,1
111,0.5,0
112,0.5,0
113,0.5,1
114,0.5,1
115,0.5,0
116,0.5,0
117,0.5,1
118,0.5,0
119,0.5,0
120,0.5,1
121,0.5,1
122,0.5,0
123,0.5,0
124,0.5,1
125,0.5,1
126,0.5,0
127,0.5,1
128,0.5,0
129,0.5,0
130,0.5,0
131,0.5,0
132,0.5,0
133,0.5,1
134,0.5,0
135,0.5,0
136,0.5,0
137,0.5,1
138,0.5,1
139,0.5,0
140,0.5,1
141,0.5,0
142,0.5,0
143,0.5,1
144,0.5,0
145,0.5,0
146,0.5,0
147,0.5,0
148,0.5,1
149,0.5,0
150,0.5,0
151,0.5,0
152,0.5,1
153,0.5,0
154,0.5,1
155,0.5,1
156,0.5,0
157,0.5,0
158,0.5,0
159,0.5,1
160,0.5,0
161,0.5,1
162,0.5,1
163,0.5,0
164,0.5,0
165,0.5,1
166,0.5,1
167,0.5,1
168,0.5,0
169,0.5,0
170,0.5,0
171,0.5,0
172,0.5,1
173,0.5,0
174,0.5,1
175,0.5,0
176,0.5,1
177,0.5,1
178,0.5,1
179,0.5,1
180,0.5,1
181,0.5,0
182,0.5,1
183,0.5,0
184,0.5,1
185,0.5,1
186,0.5,1
187,0.5,0
188,0.5,0
189,0.5,1
190,0.5,0
191,0.5,0
192,0.5,0
193,0.5,1
194,0.5,1
195,0.5,1
196,0.5,0
197,0.5,1
198,0.5,1
199,0.5,0
200,0.5,1
201,0.5,1
202,0.5,1
203,0.5,0
204,0.5,0
205,0.5,1
206,0.5,0
207,0.5,1
208,0.5,1
209,0.5,1
210,0.5,0
211,0.5,1
212,0.5,0
213,0.5,0
214,0.5,0
215,0.5,1
216,0.5,1
217,0.5,0
218,0.5,1
219,0.5,1
220,0.5,0
221,0.5,0
222,0.5,0
223,0.5,0
224,0.5,1
225,0.5,1
226,0.5,0
227,0.5,1
228,0.5,1
229,0.5,1
230,0.5,1
231,0.5,0
232,0.5,0
233,0.5,1
234,0.5,1
235,0.5,0
236,0.5,1
237,0.5,1
238,0.5,0
239,0.5,0
240,0.5,0
241,0.5,1
242,0.5,0
243,0.5,1
244,0.5,1
245,0.5,1
246,0.5,0
247,0.5,0
248,0.5,1
249,0.5,0
250,0.5,1
251,0.5,1
252,0.5,1
253,0.5,0
254,0.5,0
255,0.5,0
256,0.5,0
257,0.5,1
258,0.5,0
259,0.5,1
260,0.5,0
261,0.5,1
262,0.5,0
263,0.5,0
264,0.5,0
265,0.5,1
266,0.5,0
267,0.5,1
268,0.5,0
269,0.5,1
270,0.5,1
271,0.5,1
272,0.5,1
273,0.5,1
274,0.5,0
275,0.5,1
276,0.5,0
277,0.5,1
278,0.5,1
279,0.5,1
280,0.5,0
281,0.5,0
282,0.5,1
283,0.5,0
284,0.5,1
285,0.5,1
286,0.5,0
287,0.5,1
288,0.5,0
289,0.5,0
290,0.5,0
291,0.5,0
292,0.5,1
293,0.5,1
294,0.5,0
295,0.5,0
296,0.5,1
297,0.5,1
298,0.5,0
299,0.5,1
300,0.5,1
301,0.5,1
302,0.5,1
303,0.5,0
304,0.5,0
305,0.5,0
306,0.5,0
307,0.5,0
308,0.5,0
309,0.5,1
310,0.5,1
311,0.5,1
312,0.5,1
313,0.5,1
314,0.5,0
315,0.5,1
316,0.5,0
317,0.5,0
318,0.5,0
319,0.5,0
320,0.5,1
321,0.5,0
322,0.5,0
323,0.5,0
324,0.5,0
325,0.5,0
326,0.5,0
327,0.5,1
328,0.5,1
329,0.5,0
330,0.5,0
331,0.5,0
332,0.5,0
333,0.5,1
334,0.5,0
335,0.5,1
336,0.5,1
337,0.5,1
338,0.5,1
339,0.5,0
340,0.5,0
341,0.5,0
342,0.5,0
343,0.5,0
344,0.5,0
345,0.5,1
346,0.5,1
347,0.5,1
348,0.5,1
349,0.5,0
350,0.5,1
351,0.5,0
352,0.5,1
353,0.5,1
354,0.5,0
355,0.5,0
356,0.5,1
357,0.5,0
358,0.5,0
359,0.5,1
360,0.5,1
361,0.5,1
362,0.5,1
363,0.5,0
364,0.5,1
365,0.5,0
366,0.5,1
367,0.5,1
368,0.5,0
369,0.5,1
370,0.5,0
371,0.5,1
372,0.5,1
373,0.5,0
374,0.5,0
375,0.5,1
376,0.5,0
377,0.5,0
378,0.5,1
379,0.5,0
380,0.5,0
381,0.5,0
382,0.5,1
383,0.5,0
384,0.5,0
385,0.5,1
386,0.5,0
387,0.5,0
388,0.5,1
389,0.5,1
390,0.5,1
391,0.5,0
392,0.5,0
393,0.5,0
394,0.5,1
395,0.5,1
396,0.5,1
397,0.5,0
398,0.5,1
399,0.5,0
400,0.5,1
401,0.5,1
402,0.5,0
403,0.5,0
404,0.5,1
405,0.5,1
406,0.5,1
407,0.5,1
408,0.5,1
409,0.5,1
410,0.5,1
411,0.5,0
412,0.5,0
413,0.5,0
414,0.5,0
415,0.5,0
416,0.5,0
417,0.5,1
418,0.5,1
419,0.5,0
420,0.5,0
421,0.5,0
422,0.5,0
423,0.5,0
424,0.5,0
425,0.5,1
426,0.5,1
427,0.5,0
428,0.5,0
429,0.5,1
430,0.5,1
431,0.5,0
432,0.5,1
433,0.5,1
434,0.5,1
435,0.5,1
436,0.5,0
437,0.5,1
438,0.5,1
439,0.5,1
440,0.5,1
441,0.5,0
442,0.5,0
443,0.5,1
444,0.5,0
445,0.5,0
446,0.5,0
447,0.5,1
448,0.5,0
449,0.5,1
450,0.5,1
451,0.5,1
452,0.5,0
453,0.5,1
454,0.5,0
455,0.5,0
456,0.5,1
457,0.5,1
458,0.5,0
459,0.5,0
460,0.5,0
461,0.5,1
462,0.5,1
463,0.5,1
464,0.5,0
465,0.5,0
466,0.5,1
467,0.5,1
468,0.5,1
469,0.5,0
470,0.5,0
471,0.5,0
472,0.5,1
473,0.5,1
474,0.5,0
475,0.5,1
476,0.5,1
477,0.5,1
478,0.5,0
479,0.5,1
480,0.5,0
481,0.5,0
482,0.5,0
483,0.5,1
484,0.5,0
485,0.5,1
486,0.5,1
487,0.5,1
488,0.5,0
489,0.5,1
490,0.5,1
491,0.5,1
492,0.5,1
493,0.5,0
494,0.5,1
495,0.5,1
496,0.5,1
497,0.5,0
498,0.5,1
499,0.5,0
500,0.5,0
501,0.5,0
502,0.5,1
503,0.5,1
504,0.5,1
505,0.5,1
506,0.5,1
507,0.5,0
508,0.5,1
509,0.5,0
510,0.5,1
511,0.5,1
512,0.5,0
513,0.5,1
514,0.5,0
515,0.5,0
516,0.5,0
517,0.5,0
518,0.5,0
519,0.5,1
520,0.5,1
521,0.5,1
522,0.5,0
523,0.5,1
524,0.5,0
525,0.5,1
526,0.5,1
527,0.5,0
528,0.5,0
529,0.5,1
530,0.5,1
531,0.5,1
532,0.5,1
533,0.5,1
534,0.5,1
535,0.5,1
536,0.5,0
537,0.5,0
538,0.5,1
539,0.5,0
540,0.5,1
541,0.5,0
542,0.5,1
543,0.5,1
544,0.5,1
545,0.5,0
546,0.5,1
547,0.5,1
548,0.5,0
549,0.5,0
550,0.5,0
551,0.5,1
552,0.5,0
553,0.5,0
554,0.5,1
555,0.5,1
556,0.5,1
557,0.5,1
558,0.5,0
559,0.5,0
560,0.5,1
561,0.5,1
562,0.5,0
563,0.5,1
564,0.5,1
565,0.5,0
566,0.5,0
567,0.5,0
568,0.5,1
569,0.5,0
570,0.5,1
571,0.5,0
572,0.5,0
573,0.5,1
574,0.5,1
575,0.5,1
576,0.5,1
577,0.5,1
578,0.5,1
579,0.5,0
580,0.5,0
581,0.5,1
582,0.5,1
583,0.5,1
584,0.5,0
585,0.5,0
586,0.5,0
587,0.5,1
588,0.5,1
589,0.5,1
590,0.5,0
591,0.5,0
592,0.5,0
593,0.5,1
594,0.5,0
595,0.5,0
596,0.5,1
597,0.5,1
598,0.5,0
599,0.5,0
600,0.5,1
601,0.5,0
602,0.5,0
603,0.5,0
604,0.5,1
605,0.5,0
606,0.5,0
607,0.5,1
608,0.5,1
609,0.5,1
610,0.5,0
611,0.5,1
612,0.5,1
613,0.5,0
614,0.5,0
615,0.5,1
616,0.5,0
617,0.5,1
618,0.5,0
619,0.5,0
620,0.5,0
621,0.5,1
622,0.5,0
623,0.5,1
624,0.5,1
625,0.5,0
626,0.5,0
627,0.5,1
628,0.5,1
629,0.5,1
630,0.5,0
631,0.5,0
632,0.5,0
633,0.5,0
634,0.5,0
635,0.5,1
636,0.5,1
637,0.5,0
638,0.5,1
639,0.5,0
640,0.5,1
641,0.5,0
642,0.5,0
643,0.5,0
644,0.5,1
645,0.5,1
646,0.5,0
647,0.5,0
648,0.5,0
649,0.5,1
650,0.5,1
651,0.5,0
652,0.5,0
653,0.5,0
654,0.5,1
655,0.5,1
656,0.5,0
657,0.5,1
658,0.5,1
659,0.5,1
660,0.5,1
661,0.5,1
662,0.5,0
663,0.5,1
664,0.5,0
665,0.5,1
666,0.5,0
667,0.5,0
668,0.5,1
669,0.5,1
670,0.5,0
671,0.5,0
672,0.5,0
673,0.5,0
674,0.5,1
675,0.5,1
676,0.5,1
677,0.5,0
678,0.5,1
679,0.5,1
680,0.5,0
681,0.5,1
682,0.5,1
683,0.5,1
684,0.5,0
685,0.5,1
686,0.5,1
687,0.5,1
688,0.5,0
689,0.5,0
690,0.5,1
691,0.5,1
692,0.5,0
693,0.5,1
694,0.5,0
695,0.5,0
696,0.5,0
697,0.5,1
698,0.5,0
699,0.5,0
700,0.5,1
701,0.5,1
702,0.5,1
703,0.5,1
704,0.5,0
705,0.5,1
706,0.5,1
707,0.5,1
708,0.5,1
709,0.5,1
710,0.5,0
711,0.5,1
712,0.5,1
713,0.5,0
714,0.5,0
715,0.5,0
716,0.5,1
717,0.5,1
718,0.5,0
719,0.5,0
720,0.5,1
721,0.5,0
722,0.5,1
723,0.5,1
724,0.5,1
725,0.5,0
726,0.5,1
727,0.5,0
728,0.5,0
729,0.5,0
730,0.5,1
731,0.5,1
732,0.5,1
733,0.5,1
734,0.5,0
735,0.5,1
736,0.5,1
737,0.5,0
738,0.5,1
739,0.5,0
740,0.5,0
741,0.5,0
742,0.5,1
743,0.5,1
744,0.5,0
745,0.5,1
746,0.5,1
747,0.5,0
748,0.5,0
749,0.5,0
750,0.5,0
751,0.5,0
752,0.5,1
753,0.5,1
754,0.5,1
755,0.5,1
756,0.5,0
757,0.5,0
758,0.5,0
759,0.5,0
760,0.5,0
761,0.5,0
762,0.5,0
763,0.5,1
764,0.5,1
765,0.5,0
766,0.5,1
767,0.5,1
768,0.5,1
769,0.5,1
770,0.5,0
771,0.5,0
772,0.5,1
773,0.5,1
774,0.5,0
775,0.5,1
776,0.5,1
777,0.5,0
778,0.5,1
779,0.5,1
780,0.5,1
781,0.5,0
782,0.5,1
783,0.5,0
784,0.5,0
785,0.5,1
786,0.5,0
787,0.5,1
788,0.5,1
789,0.5,0
790,0.5,1
791,0.5,0
792,0.5,1
793,0.5,0
794,0.5,0
795,0.5,1
796,0.5,0
797,0.5,0
798,0.5,1
799,0.5,0
800,0.5,1
801,0.5,0
802,0.5,0
803,0.5,1
804,0.5,0
805,0.5,0
806,0.5,1
807,0.5,0
808,0.5,1
809,0.5,1
810,0.5,0
811,0.5,1
812,0.5,1
813,0.5,0
814,0.5,0
815,0.5,1
816,0.5,1
817,0.5,1
818,0.5,1
819,0.5,0
820,0.5,0
821,0.5,0
822,0.5,0
823,0.5,0
824,0.5,0
825,0.5,0
826,0.5,0
827,0.5,1
828,0.5,1
829,0.5,1
830,0.5,0
831,0.5,0
832,0.5,0
833,0.5,1
834,0.5,0
835,0.5,0
836,0.5,1
837,0.5,1
838,0.5,0
839,0.5,0
840,0.5,1
841,0.5,1
842,0.5,0
843,0.5,1
844,0.5,1
845,0.5,1
846,0.5,1
847,0.5,0
848,0.5,0
849,0.5,0
850,0.5,1
851,0.5,1
852,0.5,1
853,0.5,1
854,0.5,0
855,0.5,0
856,0.5,0
857,0.5,0
858,0.5,0
859,0.5,1
860,0.5,1
861,0.5,1
862,0.5,0
863,0.5,0
864,0.5,1
865,0.5,1
866,0.5,1
867,0.5,1
868,0.5,1
869,0.5,0
870,0.5,1
871,0.5,0
872,0.5,1
873,0.5,0
874,0.5,1
875,0.5,1
876,0.5,1
877,0.5,1
878,0.5,0
879,0.5,1
880,0.5,1
881,0.5,0
882,0.5,0
883,0.5,0
884,0.5,0
885,0.5,0
886,0.5,0
887,0.5,1
888,0.5,1
889,0.5,1
890,0.5,1
891,0.5,1
892,0.5,0
893,0.5,1
894,0.5,1
895,0.5,0
896,0.5,1
897,0.5,0
898,0.5,0
899,0.5,0
900,0.5,1
901,0.5,1
902,0.5,1
903,0.5,1
904,0.5,1
905,0.5,1
906,0.5,1
907,0.5,0
908,0.5,1
909,0.5,1
910,0.5,0
911,0.5,0
912,0.5,1
913,0.5,0
914,0.5,1
915,0.5,1
916,0.5,0
917,0.5,1
918,0.5,0
919,0.5,0
920,0.5,0
921,0.5,1
922,0.5,1
923,0.5,0
924,0.5,1
925,0.5,1
926,0.5,0
927,0.5,1
928,0.5,1
929,0.5,1
930,0.5,0
931,0.5,1
932,0.5,0
933,0.5,1
934,0.5,0
935,0.5,0
936,0.5,1
937,0.5,0
938,0.5,1
939,0.5,0
940,0.5,1
941,0.5,0
942,0.5,1
943,0.5,1
944,0.5,1
945,0.5,1
946,0.5,1
947,0.5,0
948,0.5,0
949,0.5,0
950,0.5,0
951,0.5,1
952,0.5,1
953,0.5,0
954,0.5,1
955,0.5,1
956,0.5,1
957,0.5,0
958,0.5,1
959,0.5,1
960,0.5,0
961,0.5,1
962,0.5,0
963,0.5,0
964,0.5,0
965,0.5,1
966,0.5,0
967,0.5,0
968,0.5,0
969,0.5,1
970,0.5,1
971,0.5,1
972,0.5,1
973,0.5,0
974,0.5,1
975,0.5,1
976,0.5,1
977,0.5,0
978,0.5,0
979,0.5,1
980,0.5,1
981,0.5,0
982,0.5,0
983,0.5,0
984,0.5,0
985,0.5,0
986,0.5,1
987,0.5,1
988,0.5,0
989,0.5,1
990,0.5,0
991,0.5,1
992,0.5,0
993,0.5,0
994,0.5,1
995,0.5,1
996,0.5,0
997,0.5,1
998,0.5,1
999,0.5,1
1000,0.5,0
1001,0.5,0
1002,0.5,0
1003,0.5,1
1004,0.5,0
1005,0.5,0
1006,0.5,1
1007,0.5,0
1008,0.5,1
1009,0.5,1
1010,0.5,1
1011,0.5,1
1012,0.5,0
1013,0.5,0
1014,0.5,0
1015,0.5,1
1016,0.5,0
1017,0.5,1
1018,0.5,1
1019,0.5,0
1020,0.5,1
1021,0.5,1
1022,0.5,0
1023,0.5,0
1024,0.5,1
1025,0.5,0
1026,0.5,0
1027,0.5,0
1028,0.5,0
1029,0.5,1
1030,0.5,1
1031,0.5,0
1032,0.5,1
1033,0.5,0
1034,0.5,1
1035,0.5,0
1036,0.5,1
1037,0.5,0
1038,0.5,1
1039,0.5,1
1040,0.5,1
1041,0.5,0
1042,0.5,1
1043,0.5,0
1044,0.5,1
1045,0.5,1
1046,0.5,0
1047,0.5,0
1048,0.5,0
1049,0.5,0
1050,0.5,0
1051,0.5,0
1052,0.5,0
1053,0.5,1
1054,0.5,0
1055,0.5,0
1056,0.5,1
1057,0.5,0
1058,0.5,0
1059,0.5,1
1060,0.5,1
1061,0.5,1
1062,0.5,1
1063,0.5,0
1064,0.5,0
1065,0.5,0
1066,0.5,1
1067,0.5,1
1068,0.5,1
1069,0.5,0
1070,0.5,1
1071,0.5,1
1072,0.5,0
1073,0.5,1
1074,0.5,1
1075,0.5,0
1076,0.5,1
1077,0.5,0
1078,0.5,0
1079,0.5,0
1080,0.5,1
1081,0.5,1
1082,0.5,1
1083,0.5,0
1084,0.5,1
1085,0.5,0
1086,0.5,0
1087,0.5,1
1088,0.5,0
1089,0.5,1
1090,0.5,1
1091,0.5,0
1092,0.5,0
1093,0.5,0
1094,0.5,1
1095,0.5,1
1096,0.5,0
1097,0.5,0
1098,0.5,0
1099,0.5,1
1100,0.5,0
1101,0.5,1
1102,0.5,1
1103,0.5,0
1104,0.5,0
1105,0.5,1
1106,0.5,0
1107,0.5,1
1108,0.5,1
1109,0.5,0
1110,0.5,0
1111,0.5,1
1112,0.5,0
1113,0.5,1
1114,0.5,0
1115,0.5,1
1116,0.5,1
1117,0.5,1
1118,0.5,1
1119,0.5,1
1120,0.5,1
1121,0.5,1
1122,0.5,1
1123,0.5,0
1124,0.5,1
1125,0.5,1
1126,0.5,0
1127,0.5,1
1128,0.5,1
1129,0.5,1
1130,0.5,1
1131,0.5,1
1132,0.5,0
1133,0.5,1
1134,0.5,0
1135,0.5,1
1136,0.5,0
1137,0.5,1
1138,0.5,1
1139,0.5,1
1140,0.5,0
1141,0.5,0
1142,0.5,0
1143,0.5,1
1144,0.5,0
1145,0.5,1
1146,0.5,1
1147,0.5,0
1148,0.5,0
1149,0.5,0
1150,0.5,1
1151,0.5,1
1152,0.5,1
1153,0.5,1
1154,0.5,1
1155,0.5,0
1156,0.5,1
1157,0.5,1
1158,0.5,0
1159,0.5,0
1160,0.5,0
1161,0.5,1
1162,0.5,0
1163,0.5,1
1164,0.5,0
1165,0.5,0
1166,0.5,1
1167,0.5,1
1168,0.5,0
1169,0.5,0
1170,0.5,0
1171,0.5,1
1172,0.5,0
1173,0.5,1
1174,0.5,0
1175,0.5,0
1176,0.5,1
1177,0.5,1
1178,0.5,1
1179,0.5,0
1180,0.5,0
1181,0.5,0
1182,0.5,1
1183,0.5,1
1184,0.5,0
1185,0.5,1
1186,0.5,0
1187,0.5,1
1188,0.5,1
1189,0.5,1
1190,0.5,1
1191,0.5,1
1192,0.5,1
1193,0.5,1
1194,0.5,1
1195,0.5,1
1196,0.5,1
1197,0.5,1
1198,0.5,0
1199,0.5,1
1200,0.5,0
1201,0.5,1
1202,0.5,1
1203,0.5,1
1204,0.5,1
1205,0.5,0
1206,0.5,0
1207,0.5,1
1208,0.5,1
1209,0.5,1
1210,0.5,0
1211,0.5,1
1212,0.5,1
1213,0.5,1
1214,0.5,1
1215,0.5,0
1216,0.5,0
1217,0.5,1
1218,0.5,1
1219,0.5,0
1220,0.5,1
1221,0.5,0
1222,0.5,0
1223,0.5,0
1224,0.5,0
1225,0.5,1
1226,0.5,1
1227,0.5,0
1228,0.5,1
1229,0.5,1
1230,0.5,0
1231,0.5,1
1232,0.5,0
1233,0.5,0
1234,0.5,1
1235,0.5,1
1236,0.5,0
1237,0.5,1
1238,0.5,0
1239,0.5,1
1240,0.5,1
1241,0.5,0
1242,0.5,1
1243,0.5,1
1244,0.5,1
1245,0.5,0
1246,0.5,0
1247,0.5,1
1248,0.5,1
1249,0.5,1
1250,0.5,1
1251,0.5,0
1252,0.5,1
1253,0.5,0
1254,0.5,1
1255,0.5,1
1256,0.5,1
1257,0.5,1
1258,0.5,0
1259,0.5,0
1260,0.5,0
1261,0.5,0
1262,0.5,1
1263,0.5,0
1264,0.5,1
1265,0.5,0
1266,0.5,1
1267,0.5,1
1268,0.5,0
1269,0.5,0
1270,0.5,1
1271,0.5,1
1272,0.5,0
1273,0.5,0
1274,0.5,1
1275,0.5,1
1276,0.5,1
1277,0.5,1
1278,0.5,1
1279,0.5,1
1280,0.5,1
1281,0.5,0
1282,0.5,0
1283,0.5,1
1284,0.5,1
1285,0.5,1
1286,0.5,1
1287,0.5,1
1288,0.5,0
1289,0.5,1
1290,0.5,0
1291,0.5,0
1292,0.5,1
1293,0.5,1
1294,0.5,0
1295,0.5,1
1296,0.5,1
1297,0.5,0
1298,0.5,0
1299,0.5,0
1300,0.5,1
1301,0.5,0
1302,0.5,1
1303,0.5,0
1304,0.5,0
1305,0.5,0
1306,0.5,0
1307,0.5,0
1308,0.5,0
1309,0.5,1
1310,0.5,1
1311,0.5,1
1312,0.5,0
1313,0.5,0
1314,0.5,0
1315,0.5,1
1316,0.5,0
1317,0.5,0
1318,0.5,1
1319,0.5,1
1320,0.5,1
1321,0.5,0
1322,0.5,1
1323,0.5,0
1324,0.5,0
1325,0.5,1
1326,0.5,1
1327,0.5,0
1328,0.5,1
1329,0.5,0
1330,0.5,0
1331,0.5,1
1332,0.5,1
1333,0.5,1
1334,0.5,1
1335,0.5,1
1336,0.5,0
1337,0.5,1
1338,0.5,1
1339,0.5,1
1340,0.5,1
1341,0.5,0
1342,0.5,0
1343,0.5,0
1344,0.5,0
1345,0.5,1
1346,0.5,0
1347,0.5,0
1348,0.5,1
1349,0.5,0
1350,0.5,1
1351,0.5,0
1352,0.5,0
1353,0.5,0
1354,0.5,0
1355,0.5,0
1356,0.5,0
1357,0.5,1
1358,0.5,0
1359,0.5,0
1360,0.5,0
1361,0.5,0
1362,0.5,0
1363,0.5,0
1364,0.5,1
1365,0.5,1
1366,0.5,1
1367,0.5,1
1368,0.5,1
1369,0.5,1
1370,0.5,0
1371,0.5,1
1372,0.5,1
1373,0.5,1
1374,0.5,0
1375,0.5,1
1376,0.5,0
1377,0.5,0
1378,0.5,1
1379,0.5,1
1380,0.5,0
1381,0.5,1
1382,0.5,0
1383,0.5,0
1384,0.5,0
1385,0.5,1
1386,0.5,0
1387,0.5,0
1388,0.5,0
1389,0.5,1
1390,0.5,1
1391,0.5,1
1392,0.5,0
1393,0.5,1
1394,0.5,1
1395,0.5,1
1396,0.5,0
1397,0.5,1
1398,0.5,0
1399,0.5,1
1400,0.5,1
1401,0.5,0
1402,0.5,1
1403,0.5,0
1404,0.5,0
1405,0.5,0
1406,0.5,1
1407,0.5,0
1408,0.5,0
1409,0.5,1
1410,0.5,0
1411,0.5,1
1412,0.5,0
1413,0.5,0
1414,0.5,0
1415,0.5,1
1416,0.5,0
1417,0.5,1
1418,0.5,1
1419,0.5,0
1420,0.5,0
1421,0.5,1
1422,0.5,1
1423,0.5,1
1424,0.5,1
1425,0.5,1
1426,0.5,0
1427,0.5,0
1428,0.5,0
1429,0.5,1
1430,0.5,1
1431,0.5,1
1432,0.5,0
1433,0.5,0
1434,0.5,1
1435,0.5,0
1436,0.5,1
1437,0.5,0
1438,0.5,0
1439,0.5,0
1440,0.5,0
1441,0.5,0
1442,0.5,1
1443,0.5,1
1444,0.5,1
1445,0.5,1
1446,0.5,1
1447,0.5,0
1448,0.5,0
1449,0.5,1
1450,0.5,1
1451,0.5,0
1452,0.5,1
1453,0.5,1
1454,0.5,0
1455,0.5,1
1456,0.5,1
1457,0.5,1
1458,0.5,0
1459,0.5,0
1460,0.5,0
1461,0.5,0
1462,0.5,0
1463,0.5,0
1464,0.5,1
1465,0.5,0
1466,0.5,1
1467,0.5,1
1468,0.5,1
1469,0.5,0
1470,0.5,1
1471,0.5,0
1472,0.5,0
1473,0.5,1
1474,0.5,1
1475,0.5,0
1476,0.5,0
1477,0.5,0
1478,0.5,0
1479,0.5,0
1480,0.5,1
1481,0.5,0
1482,0.5,1
1483,0.5,1
1484,0.5,1
1485,0.5,0
1486,0.5,0
1487,0.5,1
1488,0.5,0
1489,0.5,0
1490,0.5,0
1491,0.5,0
1492,0.5,1
1493,0.5,1
1494,0.5,1
1495,0.5,1
1496,0.5,0
1497,0.5,0
1498,0.5,1
1499,0.5,0
1500,0.5,0
1501,0.5,0
1502,0.5,1
1503,0.5,0
1504,0.5,1
1505,0.5,1
1506,0.5,1
1507,0.5,1
1508,0.5,0
1509,0.5,1
1510,0.5,0
1511,0.5,0
1512,0.5,1
1513,0.5,1
1514,0.5,1
1515,0.5,1
1516,0.5,0
1517,0.5,0
1518,0.5,1
1519,0.5,0
1520,0.5,0
1521,0.5,0
1522,0.5,0
1523,0.5,1
1524,0.5,1
1525,0.5,1
1526,0.5,1
1527,0.5,0
1528,0.5,0
1529,0.5,0
1530,0.5,1
1531,0.5,0
1532,0.5,0
1533,0.5,1
1534,0.5,0
1535,0.5,1
1536,0.5,0
1537,0.5,0
1538,0.5,0
1539,0.5,1
1540,0.5,1
1541,0.5,0
1542,0.5,0
1543,0.5,0
1544,0.5,1
1545,0.5,1
1546,0.5,0
1547,0.5,1
1548,0.5,0
1549,0.5,0
1550,0.5,0
1551,0.5,0
1552,0.5,0
1553,0.5,0
1554,0.5,1
1555,0.5,1
1556,0.5,1
1557,0.5,1
1558,0.5,0
1559,0.5,0
1560,0.5,1
1561,0.5,1
1562,0.5,1
1563,0.5,0
1564,0.5,1
1565,0.5,0
1566,0.5,1
1567,0.5,1
1568,0.5,1
1569,0.5,1
1570,0.5,1
1571,0.5,0
1572,0.5,0
1573,0.5,1
1574,0.5,1
1575,0.5,1
1576,0.5,0
1577,0.5,1
1578,0.5,0
1579,0.5,1
1580,0.5,0
1581,0.5,0
1582,0.5,1
1583,0.5,0
1584,0.5,0
1585,0.5,1
1586,0.5,0
1587,0.5,0
1588,0.5,0
1589,0.5,1
1590,0.5,0
1591,0.5,0
1592,0.5,1
1593,0.5,1
1594,0.5,0
1595,0.5,0
1596,0.5,1
1597,0.5,0
1598,0.5,0
1599,0.5,0
1600,0.5,1
1601,0.5,1
1602,0.5,1
1603,0.5,0
1604,0.5,0
1605,0.5,0
1606,0.5,0
1607,0.5,1
1608,0.5,1
1609,0.5,0
1610,0.5,1
1611,0.5,1
1612,0.5,1
1613,0.5,0
1614,0.5,1
1615,0.5,1
1616,0.5,1
1617,0.5,0
1618,0.5,0
1619,0.5,0
1620,0.5,1
1621,0.5,0
1622,0.5,1
1623,0.5,1
1624,0.5,0
1625,0.5,1
1626,0.5,1
1627,0.5,1
1628,0.5,1
1629,0.5,1
1630,0.5,1
1631,0.5,0
1632,0.5,1
1633,0.5,0
1634,0.5,0
1635,0.5,0
1636,0.5,0
1637,0.5,0
1638,0.5,0
1639,0.5,0
1640,0.5,1
1641,0.5,1
1642,0.5,0
1643,0.5,1
1644,0.5,0
1645,0.5,1
1646,0.5,1
1647,0.5,0
1648,0.5,1
1649,0.5,0
1650,0.5,1
1651,0.5,1
1652,0.5,1
1653,0.5,1
1654,0.5,0
1655,0.5,1
1656,0.5,0
1657,0.5,0
1658,0.5,1
1659,0.5,1
1660,0.5,1
1661,0.5,0
1662,0.5,0
1663,0.5,1
1664,0.5,0
1665,0.5,1
1666,0.5,0
1667,0.5,1
1668,0.5,0
1669,0.5,1
1670,0.5,1
1671,0.5,0
1672,0.5,0
1673,0.5,0
1674,0.5,1
1675,0.5,1
1676,0.5,0
1677,0.5,0
1678,0.5,1
1679,0.5,1
1680,0.5,1
1681,0.5,1
1682,0.5,0
1683,0.5,0
1684,0.5,0
1685,0.5,0
1686,0.5,1
1687,0.5,0
1688,0.5,0
1689,0.5,0
1690,0.5,1
1691,0.5,0
1692,0.5,0
1693,0.5,0
1694,0.5,1
1695,0.5,0
1696,0.5,1
1697,0.5,0
1698,0.5,0
1699,0.5,0
1700,0.5,1
1701,0.5,0
1702,0.5,0
1703,0.5,0
1704,0.5,0
1705,0.5,1
1706,0.5,1
1707,0.5,0
1708,0.5,1
1709,0.5,1
1710,0.5,0
1711,0.5,0
1712,0.5,0
1713,0.5,1
1714,0.5,1
1715,0.5,0
1716,0.5,1
1717,0.5,0
1718,0.5,0
1719,0.5,0
1720,0.5,0
1721,0.5,0
1722,0.5,0
1723,0.5,0
1724,0.5,0
1725,0.5,1
1726,0.5,0
1727,0.5,1
1728,0.5,0
1729,0.5,1
1730,0.5,1
1731,0.5,0
1732,0.5,1
1733,0.5,0
1734,0.5,0
1735,0.5,0
1736,0.5,1
1737,0.5,1
1738,0.5,0
1739,0.5,1
1740,0.5,1
1741,0.5,1
1742,0.5,0
1743,0.5,1
1744,0.5,0
1745,0.5,1
1746,0.5,0
1747,0.5,0
1748,0.5,1
1749,0.5,0
1750,0.5,0
1751,0.5,1
1752,0.5,1
1753,0.5,0
1754,0.5,0
1755,0.5,0
1756,0.5,0
1757,0.5,0
1758,0.5,0
1759,0.5,0
1760,0.5,1
1761,0.5,1
1762,0.5,0
1763,0.5,1
1764,0.5,0
1765,0.5,1
1766,0.5,1
1767,0.5,1
1768,0.5,1
1769,0.5,0
1770,0.5,1
1771,0.5,0
1772,0.5,1
1773,0.5,1
1774,0.5,0
1775,0.5,1
1776,0.5,0
1777,0.5,1
1778,0.5,0
1779,0.5,0
1780,0.5,0
1781,0.5,0
1782,0.5,0
1783,0.5,0
1784,0.5,1
1785,0.5,0
1786,0.5,1
1787,0.5,1
1788,0.5,1
1789,0.5,0
1790,0.5,1
1791,0.5,1
1792,0.5,1
1793,0.5,0
1794,0.5,1
1795,0.5,1
1796,0.5,1
1797,0.5,1
1798,0.5,0
1799,0.5,1
1800,0.5,0
1801,0.5,1
1802,0.5,1
1803,0.5,1
1804,0.5,0
1805,0.5,1
1806,0.5,0
1807,0.5,0
1808,0.5,1
1809,0.5,0
1810,0.5,0
1811,0.5,0
1812,0.5,1
1813,0.5,1
1814,0.5,1
1815,0.5,0
1816,0.5,1
1817,0.5,0
1818,0.5,0
1819,0.5,1
1820,0.5,1
1821,0.5,0
1822,0.5,1
1823,0.5,1
1824,0.5,1
1825,0.5,1
1826,0.5,0
1827,0.5,0
1828,0.5,1
1829,0.5,1
1830,0.5,1
1831,0.5,1
1832,0.5,1
1833,0.5,0
1834,0.5,0
1835,0.5,1
1836,0.5,1
1837,0.5,1
1838,0.5,1
1839,0.5,0
1840,0.5,1
1841,0.5,1
1842,0.5,1
1843,0.5,1
1844,0.5,0
1845,0.5,0
1846,0.5,1
1847,0.5,0
1848,0.5,1
1849,0.5,1
1850,0.5,0
1851,0.5,1
1852,0.5,0
1853,0.5,0
1854,0.5,0
1855,0.5,1
1856,0.5,1
1857,0.5,0
1858,0.5,0
1859,0.5,1
1860,0.5,0
1861,0.5,1
1862,0.5,0
1863,0.5,1
1864,0.5,1
1865,0.5,0
1866,0.5,1
1867,0.5,1
1868,0.5,0
1869,0.5,0
1870,0.5,1
1871,0.5,1
1872,0.5,1
1873,0.5,1
1874,0.5,0
1875,0.5,0
1876,0.5,1
1877,0.5,0
1878,0.5,0
1879,0.5,1
1880,0.5,0
1881,0.5,0
1882,0.5,1
1883,0.5,1
1884,0.5,1
1885,0.5,0
1886,0.5,1
1887,0.5,0
1888,0.5,0
1889,0.5,0
1890,0.5,1
1891,0.5,1
1892,0.5,0
1893,0.5,1
1894,0.5,1
1895,0.5,0
1896,0.5,0
1897,0.5,0
1898,0.5,1
1899,0.5,0
1900,0.5,1
1901,0.5,1
1902,0.5,1
1903,0.5,1
1904,0.5,1
1905,0.5,1
1906,0.5,0
1907,0.5,0
1908,0.5,1
1909,0.5,0
1910,0.5,1
1911,0.5,1
1912,0.5,0
1913,0.5,1
1914,0.5,0
1915,0.5,1
1916,0.5,0
1917,0.5,1
1918,0.5,1
1919,0.5,0
1920,0.5,1
1921,0.5,0
1922,0.5,1
1923,0.5,1
1924,0.5,0
1925,0.5,1
1926,0.5,1
1927,0.5,0
1928,0.5,0
1929,0.5,1
1930,0.5,0
1931,0.5,0
1932,0.5,0
1933,0.5,1
1934,0.5,0
1935,0.5,1
1936,0.5,1
1937,0.5,0
1938,0.5,1
1939,0.5,0
1940,0.5,1
1941,0.5,0
1942,0.5,0
1943,0.5,0
1944,0.5,1
1945,0.5,0
1946,0.5,1
1947,0.5,1
1948,0.5,1
1949,0.5,0
1950,0.5,1
1951,0.5,1
1952,0.5,1
1953,0.5,1
1954,0.5,1
1955,0.5,1
1956,0.5,0
1957,0.5,1
1958,0.5,1
1959,0.5,0
1960,0.5,0
1961,0.5,0
1962,0.5,0
1963,0.5,0
1964,0.5,0
1965,0.5,0
1966,0.5,1
1967,0.5,0
1968,0.5,0
1969,0.5,1
1970,0.5,1
1971,0.5,1
1972,0.5,1
1973,0.5,0
1974,0.5,1
1975,0.5,1
1976,0.5,1
1977,0.5,1
1978,0.5,0
1979,0.5,0
1980,0.5,1
1981,0.5,1
1982,0.5,1
1983,0.5,0
1984,0.5,1
1985,0.5,1
1986,0.5,1
1987,0.5,0
1988,0.5,0
1989,0.5,1
1990,0.5,0
1991,0.5,1
1992,0.5,0
1993,0.5,0
1994,0.5,0
1995,0.5,0
1996,0.5,0
1997,0.5,1
1998,0.5,1
1999,0.5,0
2000,0.5,1
2001,0.5,1
2002,0.5,0
2003,0.5,1
2004,0.5,1
2005,0.5,0
2006,0.5,0
2007,0.5,0
2008,0.5,0
2009,0.5,1
2010,0.5,0
2011,0.5,1
2012,0.5,0
2013,0.5,0
2014,0.5,1
2015,0.5,1
2016,0.5,0
2017,0.5,0
2018,0.5,0
2019,0.5,0
2020,0.5,1
2021,0.5,1
2022,0.5,0
2023,0.5,1
2024,0.5,1
2025,0.5,1
2026,0.5,0
2027,0.5,1
2028,0.5,1
2029,0.5,1
2030,0.5,0
2031,0.5,1
2032,0.5,0
2033,0.5,0
2034,0.5,1
2035,0.5,0
2036,0.5,0
2037,0.5,0
2038,0.5,0
2039,0.5,0
2040,0.5,1
2041,0.5,0
2042,0.5,0
2043,0.5,1
2044,0.5,0
2045,0.5,0
2046,0.5,1
2047,0.5,1
2048,0.5,1
2049,0.5,0
2050,0.5,1
2051,0.5,1
2052,0.5,1
2053,0.5,1
2054,0.5,0
2055,0.5,1
2056,0.5,1
2057,0.5,1
2058,0.5,1
2059,0.5,0
2060,0.5,1
2061,0.5,0
2062,0.5,1
2063,0.5,0
2064,0.5,0
2065,0.5,1
2066,0.5,1
2067,0.5,0
2068,0.5,0
2069,0.5,0
2070,0.5,0
2071,0.5,0
2072,0.5,1
2073,0.5,1
2074,0.5,0
2075,0.5,1
2076,0.5,0
2077,0.5,0
2078,0.5,0
2079,0.5,1
2080,0.5,1
2081,0.5,1
2082,0.5,1
2083,0.5,0
2084,0.5,0
2085,0.5,0
2086,0.5,0
2087,0.5,0
2088,0.5,0
2089,0.5,0
2090,0.5,1
2091,0.5,1
2092,0.5,0
2093,0.5,1
2094,0.5,0
2095,0.5,0
2096,0.5,1
2097,0.5,1
2098,0.5,0
2099,0.5,1
2100,0.5,1
2101,0.5,1
2102,0.5,0
2103,0.5,0
2104,0.5,0
2105,0.5,1
2106,0.5,1
2107,0.5,0
2108,0.5,1
2109,0.5,1
2110,0.5,1
2111,0.5,0
2112,0.5,0
2113,0.5,1
2114,0.5,1
2115,0.5,0
2116,0.5,0
2117,0.5,0
2118,0.5,0
2119,0.5,0
2120,0.5,0
2121,0.5,1
2122,0.5,0
2123,0.5,0
2124,0.5,1
2125,0.5,0
2126,0.5,0
2127,0.5,0
2128,0.5,0
2129,0.5,1
2130,0.5,1
2131,0.5,1
2132,0.5,0
2133,0.5,1
2134,0.5,1
2135,0.5,1
2136,0.5,1
2137,0.5,1
2138,0.5,1
2139,0.5,0
2140,0.5,0
2141,0.5,0
2142,0.5,0
2143,0.5,0
2144,0.5,0
2145,0.5,0
2146,0.5,0
2147,0.5,1
2148,0.5,1
2149,0.5,1
2150,0.5,0
2151,0.5,0
2152,0.5,0
2153,0.5,0
2154,0.5,1
2155,0.5,0
2156,0.5,0
2157,0.5,1
2158,0.5,1
2159,0.5,1
2160,0.5,0
2161,0.5,1
2162,0.5,0
2163,0.5,1
2164,0.5,1
2165,0.5,0
2166,0.5,0
2167,0.5,1
2168,0.5,1
2169,0.5,0
2170,0.5,1
2171,0.5,0
2172,0.5,1
2173,0.5,1
2174,0.5,0
2175,0.5,0
2176,0.5,1
2177,0.5,1
2178,0.5,1
2179,0.5,0
2180,0.5,1
2181,0.5,0
2182,0.5,0
2183,0.5,0
2184,0.5,1
2185,0.5,0
2186,0.5,0
2187,0.5,0
2188,0.5,0
2189,0.5,0
2190,0.5,1
2191,0.5,0
2192,0.5,0
2193,0.5,0
2194,0.5,0
2195,0.5,0
2196,0.5,0
2197,0.5,0
2198,0.5,1
2199,0.5,0
2200,0.5,0
2201,0.5,0
2202,0.5,0
2203,0.5,0
2204,0.5,1
2205,0.5,0
2206,0.5,1
2207,0.5,1
2208,0.5,0
2209,0.5,0
2210,0.5,0
2211,0.5,0
2212,0.5,1
2213,0.5,1
2214,0.5,1
2215,0.5,1
2216,0.5,1
2217,0.5,1
2218,0.5,1
2219,0.5,1
2220,0.5,1
2221,0.5,0
2222,0.5,1
2223,0.5,0
2224,0.5,0
2225,0.5,0
2226,0.5,1
2227,0.5,1
2228,0.5,1
2229,0.5,1
2230,0.5,1
2231,0.5,0
2232,0.5,0
2233,0.5,1
2234,0.5,0
2235,0.5,1
2236,0.5,0
2237,0.5,0
2238,0.5,1
2239,0.5,0
2240,0.5,0
2241,0.5,1
2242,0.5,0
2243,0.5,0
2244,0.5,0
2245,0.5,0
2246,0.5,1
2247,0.5,0
2248,0.5,0
2249,0.5,0
2250,0.5,1
2251,0.5,1
2252,0.5,1
2253,0.5,1
2254,0.5,0
2255,0.5,0
2256,0.5,0
2257,0.5,0
2258,0.5,0
2259,0.5,0
2260,0.5,0
2261,0.5,1
2262,0.5,1
2263,0.5,0
2264,0.5,1
2265,0.5,1
2266,0.5,0
2267,0.5,1
2268,0.5,1
2269,0.5,1
2270,0.5,1
2271,0.5,0
2272,0.5,0
2273,0.5,1
2274,0.5,0
2275,0.5,1
2276,0.5,0
2277,0.5,0
2278,0.5,1
2279,0.5,0
2280,0.5,0
2281,0.5,0
2282,0.5,0
2283,0.5,1
2284,0.5,0
2285,0.5,0
2286,0.5,1
2287,0.5,1
2288,0.5,0
2289,0.5,0
2290,0.5,0
2291,0.5,0
2292,0.5,1
2293,0.5,0
2294,0.5,0
2295,0.5,0
2296,0.5,1
2297,0.5,1
2298,0.5,1
2299,0.5,0
2300,0.5,0
2301,0.5,0
2302,0.5,0
2303,0.5,1
2304,0.5,1
2305,0.5,0
2306,0.5,0
2307,0.5,1
2308,0.5,0
2309,0.5,1
2310,0.5,0
2311,0.5,1
2312,0.5,0
2313,0.5,1
2314,0.5,1
2315,0.5,0
2316,0.5,1
2317,0.5,0
2318,0.5,1
2319,0.5,1
2320,0.5,1
2321,0.5,1
2322,0.5,1
2323,0.5,1
2324,0.5,1
2325,0.5,0
2326,0.5,1
2327,0.5,1
2328,0.5,0
2329,0.5,1
2330,0.5,0
2331,0.5,1
2332,0.5,0
2333,0.5,1
2334,0.5,0
2335,0.5,0
2336,0.5,0
2337,0.5,0
2338,0.5,0
2339,0.5,0
2340,0.5,1
2341,0.5,1
2342,0.5,0
2343,0.5,0
2344,0.5,1
2345,0.5,0
2346,0.5,1
2347,0.5,1
2348,0.5,0
2349,0.5,1
2350,0.5,0
2351,0.5,0
2352,0.5,1
2353,0.5,1
2354,0.5,1
2355,0.5,1
2356,0.5,0
2357,0.5,1
2358,0.5,1
2359,0.5,0
2360,0.5,0
2361,0.5,1
2362,0.5,0
2363,0.5,0
2364,0.5,1
2365,0.5,0
2366,0.5,1
2367,0.5,1
2368,0.5,1
2369,0.5,0
2370,0.5,0
2371,0.5,0
2372,0.5,1
2373,0.5,1
2374,0.5,0
2375,0.5,1
2376,0.5,0
2377,0.5,1
2378,0.5,0
2379,0.5,0
2380,0.5,1
2381,0.5,1
2382,0.5,0
2383,0.5,1
2384,0.5,1
2385,0.5,1
2386,0.5,1
2387,0.5,1
2388,0.5,1
2389,0.5,1
2390,0.5,0
2391,0.5,0
2392,0.5,1
2393,0.5,1
2394,0.5,0
2395,0.5,1
2396,0.5,1
2397,0.5,1
2398,0.5,1
2399,0.5,1
2400,0.5,1
2401,0.5,1
2402,0.5,1
2403,0.5,1
2404,0.5,0
2405,0.5,0
2406,0.5,0
2407,0.5,1
2408,0.5,0
2409,0.5,0
2410,0.5,0
2411,0.5,1
2412,0.5,0
2413,0.5,0
2414,0.5,1
2415,0.5,0
2416,0.5,0
2417,0.5,1
2418,0.5,0
2419,0.5,1
2420,0.5,0
2421,0.5,1
2422,0.5,0
2423,0.5,1
2424,0.5,1
2425,0.5,1
2426,0.5,1
2427,0.5,1
2428,0.5,0
2429,0.5,0
2430,0.5,1
2431,0.5,1
2432,0.5,1
2433,0.5,0
2434,0.5,1
2435,0.5,0
2436,0.5,1
2437,0.5,0
2438,0.5,1
2439,0.5,1
2440,0.5,0
2441,0.5,1
2442,0.5,0
2443,0.5,0
2444,0.5,1
2445,0.5,0
2446,0.5,1
2447,0.5,1
2448,0.5,0
2449,0.5,1
2450,0.5,0
2451,0.5,0
2452,0.5,1
2453,0.5,0
2454,0.5,0
2455,0.5,1
2456,0.5,1
2457,0.5,0
2458,0.5,1
2459,0.5,1
2460,0.5,1
2461,0.5,1
2462,0.5,0
2463,0.5,0
2464,0.5,1
2465,0.5,0
2466,0.5,0
2467,0.5,0
2468,0.5,0
2469,0.5,1
2470,0.5,0
2471,0.5,1
2472,0.5,1
2473,0.5,1
2474,0.5,0
2475,0.5,0
2476,0.5,0
2477,0.5,0
2478,0.5,1
2479,0.5,0
2480,0.5,0
2481,0.5,1
2482,0.5,1
2483,0.5,0
2484,0.5,0
2485,0.5,1
2486,0.5,1
2487,0.5,0
2488,0.5,0
2489,0.5,1
2490,0.5,0
2491,0.5,1
2492,0.5,1
2493,0.5,0
2494,0.5,0
2495,0.5,1
2496,0.5,1
2497,0.5,1
2498,0.5,1
2499,0.5,0
2500,0.5,0
2501,0.5,1
2502,0.5,1
2503,0.5,1
2504,0.5,0
2505,0.5,0
2506,0.5,1
2507,0.5,1
2508,0.5,1
2509,0.5,1
2510,0.5,0
2511,0.5,0
2512,0.5,1
2513,0.5,0
2514,0.5,0
2515,0.5,1
2516,0.5,1
2517,0.5,1
2518,0.5,1
2519,0.5,0
2520,0.5,1
2521,0.5,1
2522,0.5,1
2523,0.5,1
2524,0.5,1
2525,0.5,1
2526,0.5,0
2527,0.5,0
2528,0.5,0
2529,0.5,0
2530,0.5,0
2531,0.5,1
2532,0.5,1
2533,0.5,0
2534,0.5,1
2535,0.5,1
2536,0.5,1
2537,0.5,1
2538,0.5,0
2539,0.5,0
2540,0.5,1
2541,0.5,0
2542,0.5,1
2543,0.5,1
2544,0.5,0
2545,0.5,0
2546,0.5,1
2547,0.5,0
2548,0.5,1
2549,0.5,1
2550,0.5,0
2551,0.5,1
2552,0.5,0
2553,0.5,0
2554,0.5,1
2555,0.5,0
2556,0.5,0
2557,0.5,0
2558,0.5,1
2559,0.5,0
2560,0.5,1
2561,0.5,1
2562,0.5,1
2563,0.5,1
2564,0.5,0
2565,0.5,0
2566,0.5,1
2567,0.5,1
2568,0.5,0
2569,0.5,0
2570,0.5,1
2571,0.5,0
2572,0.5,0
2573,0.5,0
2574,0.5,0
2575,0.5,0
2576,0.5,0
2577,0.5,0
2578,0.5,0
2579,0.5,0
2580,0.5,0
2581,0.5,1
2582,0.5,1
2583,0.5,1
2584,0.5,0
2585,0.5,1
2586,0.5,0
2587,0.5,0
2588,0.5,1
2589,0.5,1
2590,0.5,0
2591,0.5,0
2592,0.5,0
2593,0.5,0
2594,0.5,1
2595,0.5,0
2596,0.5,1
2597,0.5,0
2598,0.5,1
2599,0.5,1
2600,0.5,1
2601,0.5,0
2602,0.5,1
2603,0.5,1
2604,0.5,1
2605,0.5,1
2606,0.5,0
2607,0.5,0
2608,0.5,1
2609,0.5,1
2610,0.5,1
2611,0.5,0
2612,0.5,0
2613,0.5,1
2614,0.5,0
2615,0.5,1
2616,0.5,1
2617,0.5,0
2618,0.5,1
2619,0.5,0
2620,0.5,1
2621,0.5,1
2622,0.5,0
2623,0.5,0
2624,0.5,0
2625,0.5,0
2626,0.5,1
2627,0.5,0
2628,0.5,0
2629,0.5,1
2630,0.5,0
2631,0.5,0
2632,0.5,0
2633,0.5,0
2634,0.5,1
2635,0.5,1
2636,0.5,1
2637,0.5,1
2638,0.5,1
2639,0.5,1
2640,0.5,1
2641,0.5,0
2642,0.5,1
2643,0.5,0
2644,0.5,0
2645,0.5,0
2646,0.5,1
2647,0.5,0
2648,0.5,0
2649,0.5,0
2650,0.5,0
2651,0.5,1
2652,0.5,0
2653,0.5,0
2654,0.5,0
2655,0.5,1
2656,0.5,1
2657,0.5,0
2658,0.5,0
2659,0.5,1
2660,0.5,0
2661,0.5,1
2662,0.5,0
2663,0.5,0
2664,0.5,0
2665,0.5,1
2666,0.5,1
2667,0.5,1
2668,0.5,0
2669,0.5,1
2670,0.5,1
2671,0.5,1
2672,0.5,0
2673,0.5,0
2674,0.5,1
2675,0.5,0
2676,0.5,1
2677,0.5,1
2678,0.5,0
2679,0.5,0
2680,0.5,1
2681,0.5,0
2682,0.5,0
2683,0.5,1
2684,0.5,1
2685,0.5,1
2686,0.5,0
2687,0.5,1
2688,0.5,0
2689,0.5,1
2690,0.5,0
2691,0.5,1
2692,0.5,0
2693,0.5,0
2694,0.5,0
2695,0.5,0
2696,0.5,1
2697,0.5,1
2698,0.5,0
2699,0.5,1
2700,0.5,1
2701,0.5,1
2702,0.5,1
2703,0.5,0
2704,0.5,1
2705,0.5,1
2706,0.5,0
2707,0.5,1
2708,0.5,1
2709,0.5,0
2710,0.5,0
2711,0.5,0
2712,0.5,0
2713,0.5,1
2714,0.5,0
2715,0.5,1
2716,0.5,1
2717,0.5,0
2718,0.5,1
2719,0.5,0
2720,0.5,0
2721,0.5,0
2722,0.5,0
2723,0.5,0
2724,0.5,0
2725,0.5,0
2726,0.5,0
2727,0.5,1
2728,0.5,0
2729,0.5,0
2730,0.5,0
2731,0.5,1
2732,0.5,1
2733,0.5,1
2734,0.5,0
2735,0.5,0
2736,0.5,0
2737,0.5,1
2738,0.5,0
2739,0.5,0
2740,0.5,0
2741,0.5,1
2742,0.5,1
2743,0.5,0
2744,0.5,1
2745,0.5,0
2746,0.5,0
2747,0.5,1
2748,0.5,1
2749,0.5,0
2750,0.5,0
2751,0.5,1
2752,0.5,1
2753,0.5,0
2754,0.5,1
2755,0.5,1
2756,0.5,0
2757,0.5,1
2758,0.5,1
2759,0.5,1
2760,0.5,0
2761,0.5,0
2762,0.5,1
2763,0.5,0
2764,0.5,0
2765,0.5,1
2766,0.5,0
2767,0.5,1
2768,0.5,1
2769,0.5,0
2770,0.5,0
2771,0.5,1
2772,0.5,0
2773,0.5,0
2774,0.5,1
2775,0.5,0
2776,0.5,0
2777,0.5,1
2778,0.5,0
2779,0.5,0
2780,0.5,1
2781,0.5,0
2782,0.5,0
2783,0.5,0
2784,0.5,0
2785,0.5,0
2786,0.5,1
2787,0.5,0
2788,0.5,0
2789,0.5,1
2790,0.5,0
2791,0.5,1
2792,0.5,1
2793,0.5,1
2794,0.5,1
2795,0.5,0
2796,0.5,0
2797,0.5,0
2798,0.5,0
2799,0.5,0
2800,0.5,0
2801,0.5,0
2802,0.5,1
2803,0.5,1
2804,0.5,1
2805,0.5,1
2806,0.5,1
2807,0.5,0
2808,0.5,0
2809,0.5,0
2810,0.5,1
2811,0.5,1
2812,0.5,1
2813,0.5,1
2814,0.5,1
2815,0.5,0
2816,0.5,0
2817,0.5,1
2818,0.5,0
2819,0.5,1
2820,0.5,0
2821,0.5,0
2822,0.5,1
2823,0.5,0
2824,0.5,0
2825,0.5,1
2826,0.5,0
2827,0.5,1
2828,0.5,0
2829,0.5,0
2830,0.5,0
2831,0.5,0
2832,0.5,1
2833,0.5,1
2834,0.5,1
2835,0.5,0
2836,0.5,1
2837,0.5,1
2838,0.5,1
2839,0.5,0
2840,0.5,1
2841,0.5,0
2842,0.5,1
2843,0.5,1
2844,0.5,0
2845,0.5,1
2846,0.5,0
2847,0.5,0
2848,0.5,1
2849,0.5,1
2850,0.5,1
2851,0.5,0
2852,0.5,1
2853,0.5,0
2854,0.5,1
2855,0.5,1
2856,0.5,1
2857,0.5,1
2858,0.5,0
2859,0.5,0
2860,0.5,0
2861,0.5,0
2862,0.5,0
2863,0.5,0
2864,0.5,1
2865,0.5,1
2866,0.5,0
2867,0.5,1
2868,0.5,1
2869,0.5,1
2870,0.5,0
2871,0.5,1
2872,0.5,0
2873,0.5,1
2874,0.5,1
2875,0.5,0
2876,0.5,0
2877,0.5,1
2878,0.5,1
2879,0.5,0
2880,0.5,0
2881,0.5,0
2882,0.5,1
2883,0.5,0
2884,0.5,1
2885,0.5,0
2886,0.5,0
2887,0.5,0
2888,0.5,0
2889,0.5,1
2890,0.5,1
2891,0.5,1
2892,0.5,1
2893,0.5,0
2894,0.5,0
2895,0.5,1
2896,0.5,1
2897,0.5,1
2898,0.5,0
2899,0.5,1
2900,0.5,0
2901,0.5,0
2902,0.5,1
2903,0.5,1
2904,0.5,1
2905,0.5,1
2906,0.5,0
2907,0.5,1
2908,0.5,0
2909,0.5,0
2910,0.5,1
2911,0.5,1
2912,0.5,1
2913,0.5,1
2914,0.5,0
2915,0.5,0
2916,0.5,0
2917,0.5,0
2918,0.5,1
2919,0.5,0
2920,0.5,1
2921,0.5,1
2922,0.5,1
2923,0.5,0
2924,0.5,0
2925,0.5,0
2926,0.5,1
2927,0.5,1
2928,0.5,0
2929,0.5,1
2930,0.5,0
2931,0.5,0
2932,0.5,1
2933,0.5,0
2934,0.5,0
2935,0.5,1
2936,0.5,1
2937,0.5,1
2938,0.5,1
2939,0.5,0
2940,0.5,0
2941,0.5,1
2942,0.5,0
2943,0.5,0
2944,0.5,0
2945,0.5,0
2946,0.5,1
2947,0.5,1
2948,0.5,0
2949,0.5,0
2950,0.5,1
2951,0.5,0
2952,0.5,0
2953,0.5,1
2954,0.5,0
2955,0.5,0
2956,0.5,0
2957,0.5,0
2958,0.5,0
2959,0.5,1
2960,0.5,0
2961,0.5,0
2962,0.5,0
2963,0.5,0
2964,0.5,1
2965,0.5,1
2966,0.5,0
2967,0.5,1
2968,0.5,1
2969,0.5,0
2970,0.5,1
2971,0.5,0
2972,0.5,1
2973,0.5,1
2974,0.5,1
2975,0.5,1
2976,0.5,1
2977,0.5,1
2978,0.5,1
2979,0.5,0
2980,0.5,1
2981,0.5,0
2982,0.5,1
2983,0.5,0
2984,0.5,1
2985,0.5,0
2986,0.5,1
2987,0.5,0
2988,0.5,0
2989,0.5,1
2990,0.5,0
2991,0.5,0
2992,0.5,0
2993,0.5,1
2994,0.5,0
2995,0.5,0
2996,0.5,1
2997,0.5,0
2998,0.5,0
2999,0.5,1
3000,0.5,0
3001,0.5,1
3002,0.5,0
3003,0.5,0
3004,0.5,0
3005,0.5,0
3006,0.5,1
3007,0.5,0
3008,0.5,1
3009,0.5,0
3010,0.5,1
3011,0.5,1
3012,0.5,1
3013,0.5,0
3014,0.5,1
3015,0.5,0
3016,0.5,0
3017,0.5,1
3018,0.5,0
3019,0.5,1
3020,0.5,1
3021,0.5,1
3022,0.5,1
3023,0.5,1
3024,0.5,1
3025,0.5,0
3026,0.5,1
3027,0.5,0
3028,0.5,1
3029,0.5,0
3030,0.5,1
3031,0.5,1
3032,0.5,1
3033,0.5,0
3034,0.5,1
3035,0.5,0
3036,0.5,0
3037,0.5,1
3038,0.5,0
3039,0.5,1
3040,0.5,0
3041,0.5,1
3042,0.5,1
3043,0.5,1
3044,0.5,0
3045,0.5,1
3046,0.5,0
3047,0.5,1
3048,0.5,0
3049,0.5,1
3050,0.5,0
3051,0.5,0
3052,0.5,0
3053,0.5,1
3054,0.5,1
3055,0.5,0
3056,0.5,1
3057,0.5,1
3058,0.5,1
3059,0.5,1
3060,0.5,1
3061,0.5,1
3062,0.5,0
3063,0.5,0
3064,0.5,0
3065,0.5,1
3066,0.5,0
3067,0.5,0
3068,0.5,1
3069,0.5,1
3070,0.5,1
3071,0.5,0
3072,0.5,1
3073,0.5,1
3074,0.5,1
3075,0.5,1
3076,0.5,0
3077,0.5,1
3078,0.5,1
3079,0.5,1
3080,0.5,0
3081,0.5,1
3082,0.5,0
3083,0.5,1
3084,0.5,0
3085,0.5,0
3086,0.5,1
3087,0.5,0
3088,0.5,1
3089,0.5,0
3090,0.5,1
3091,0.5,1
3092,0.5,1
3093,0.5,0
3094,0.5,0
3095,0.5,1
3096,0.5,0
3097,0.5,0
3098,0.5,0
3099,0.5,1
3100,0.5,0
3101,0.5,0
3102,0.5,1
3103,0.5,0
3104,0.5,1
3105,0.5,0
3106,0.5,1
3107,0.5,0
3108,0.5,1
3109,0.5,0
3110,0.5,1
3111,0.5,1
3112,0.5,1
3113,0.5,1
3114,0.5,0
3115,0.5,1
3116,0.5,0
3117,0.5,0
3118,0.5,1
3119,0.5,1
3120,0.5,0
3121,0.5,0
3122,0.5,0
3123,0.5,1
3124,0.5,1
3125,0.5,0
3126,0.5,1
3127,0.5,1
3128,0.5,0
3129,0.5,1
3130,0.5,0
3131,0.5,0
3132,0.5,0
3133,0.5,1
3134,0.5,1
3135,0.5,1
3136,0.5,1
3137,0.5,0
3138,0.5,1
3139,0.5,1
3140,0.5,1
3141,0.5,1
3142,0.5,0
3143,0.5,0
3144,0.5,1
3145,0.5,1
3146,0.5,1
3147,0.5,1
3148,0.5,0
3149,0.5,0
3150,0.5,0
3151,0.5,0
3152,0.5,1
3153,0.5,1
3154,0.5,1
3155,0.5,1
3156,0.5,1
3157,0.5,0
3158,0.5,0
3159,0.5,1
3160,0.5,1
3161,0.5,0
3162,0.5,1
3163,0.5,1
3164,0.5,0
3165,0.5,0
3166,0.5,0
3167,0.5,1
3168,0.5,1
3169,0.5,1
3170,0.5,1
3171,0.5,0
3172,0.5,1
3173,0.5,0
3174,0.5,1
3175,0.5,1
3176,0.5,0
3177,0.5,0
3178,0.5,1
3179,0.5,0
3180,0.5,0
3181,0.5,0
3182,0.5,1
3183,0.5,0
3184,0.5,0
3185,0.5,1
3186,0.5,1
3187,0.5,0
3188,0.5,1
3189,0.5,0
3190,0.5,0
3191,0.5,0
3192,0.5,0
3193,0.5,0
3194,0.5,1
3195,0.5,0
3196,0.5,0
3197,0.5,1
3198,0.5,1
3199,0.5,1
3200,0.5,0
3201,0.5,1
3202,0.5,0
3203,0.5,1
3204,0.5,0
3205,0.5,1
3206,0.5,0
3207,0.5,0
3208,0.5,1
3209,0.5,1
3210,0.5,0
3211,0.5,0
3212,0.5,0
3213,0.5,1
3214,0.5,0
3215,0.5,1
3216,0.5,0
3217,0.5,0
3218,0.5,0
3219,0.5,1
3220,0.5,1
3221,0.5,1
3222,0.5,0
3223,0.5,0
3224,0.5,0
3225,0.5,1
3226,0.5,1
3227,0.5,0
3228,0.5,0
3229,0.5,0
3230,0.5,1
3231,0.5,0
3232,0.5,0
3233,0.5,0
3234,0.5,0
3235,0.5,0
3236,0.5,0
3237,0.5,1
3238,0.5,0
3239,0.5,1
3240,0.5,0
3241,0.5,1
3242,0.5,0
3243,0.5,1
3244,0.5,0
3245,0.5,0
3246,0.5,0
3247,0.5,0
3248,0.5,1
3249,0.5,0
3250,0.5,1
3251,0.5,0
3252,0.5,1
3253,0.5,1
3254,0.5,1
3255,0.5,0
3256,0.5,1
3257,0.5,0
3258,0.5,0
3259,0.5,0
3260,0.5,0
3261,0.5,1
3262,0.5,1
3263,0.5,1
3264,0.5,0
3265,0.5,0
3266,0.5,1
3267,0.5,1
3268,0.5,1
3269,0.5,1
3270,0.5,1
3271,0.5,0
3272,0.5,1
3273,0.5,1
3274,0.5,0
3275,0.5,1
3276,0.5,0
3277,0.5,1
3278,0.5,1
3279,0.5,0
3280,0.5,0
3281,0.5,0
3282,0.5,1
3283,0.5,1
3284,0.5,0
3285,0.5,0
3286,0.5,1
3287,0.5,0
3288,0.5,0
3289,0.5,0
3290,0.5,0
3291,0.5,1
3292,0.5,0
3293,0.5,1
3294,0.5,0
3295,0.5,1
3296,0.5,1
3297,0.5,0
3298,0.5,1
3299,0.5,0
3300,0.5,0
3301,0.5,1
3302,0.5,0
3303,0.5,1
3304,0.5,1
3305,0.5,0
3306,0.5,1
3307,0.5,1
3308,0.5,1
3309,0.5,1
3310,0.5,1
3311,0.5,0
3312,0.5,1
3313,0.5,1
3314,0.5,1
3315,0.5,1
3316,0.5,1
3317,0.5,1
3318,0.5,0
3319,0.5,1
3320,0.5,1
3321,0.5,1
3322,0.5,0
3323,0.5,0
3324,0.5,1
3325,0.5,1
3326,0.5,1
3327,0.5,0
3328,0.5,1
3329,0.5,1
3330,0.5,1
3331,0.5,1
3332,0.5,1
3333,0.5,1
3334,0.5,0
3335,0.5,0
3336,0.5,1
3337,0.5,1
3338,0.5,0
3339,0.5,0
3340,0.5,0
3341,0.5,0
3342,0.5,0
3343,0.5,0
3344,0.5,1
3345,0.5,1
3346,0.5,0
3347,0.5,0
3348,0.5,0
3349,0.5,0
3350,0.5,1
3351,0.5,1
3352,0.5,0
3353,0.5,0
3354,0.5,1
3355,0.5,0
3356,0.5,1
3357,0.5,0
3358,0.5,0
3359,0.5,0
3360,0.5,1
3361,0.5,0
3362,0.5,0
3363,0.5,1
3364,0.5,0
3365,0.5,1
3366,0.5,1
3367,0.5,0
3368,0.5,1
3369,0.5,1
3370,0.5,0
3371,0.5,1
3372,0.5,0
3373,0.5,0
3374,0.5,0
3375,0.5,1
3376,0.5,0
3377,0.5,1
3378,0.5,0
3379,0.5,0
3380,0.5,0
3381,0.5,0
3382,0.5,0
3383,0.5,1
3384,0.5,1
3385,0.5,1
3386,0.5,0
3387,0.5,1
3388,0.5,0
3389,0.5,0
3390,0.5,0
3391,0.5,0
3392,0.5,1
3393,0.5,1
3394,0.5,1
3395,0.5,0
3396,0.5,1
3397,0.5,1
3398,0.5,1
3399,0.5,1
3400,0.5,1
3401,0.5,0
3402,0.5,1
3403,0.5,0
3404,0.5,1
3405,0.5,0
3406,0.5,0
3407,0.5,0
3408,0.5,1
3409,0.5,1
3410,0.5,0
3411,0.5,0
3412,0.5,1
3413,0.5,0
3414,0.5,1
3415,0.5,1
3416,0.5,1
3417,0.5,0
3418,0.5,0
3419,0.5,0
3420,0.5,1
3421,0.5,1
3422,0.5,1
3423,0.5,1
3424,0.5,0
3425,0.5,1
3426,0.5,1
3427,0.5,1
3428,0.5,0
3429,0.5,1
3430,0.5,0
3431,0.5,0
3432,0.5,0
3433,0.5,0
3434,0.5,1
3435,0.5,0
3436,0.5,1
3437,0.5,1
3438,0.5,1
3439,0.5,1
3440,0.5,1
3441,0.5,1
3442,0.5,0
3443,0.5,0
3444,0.5,0
3445,0.5,1
3446,0.5,0
3447,0.5,1
3448,0.5,0
3449,0.5,1
3450,0.5,1
3451,0.5,1
3452,0.5,1
3453,0.5,1
3454,0.5,0
3455,0.5,0
3456,0.5,1
3457,0.5,0
3458,0.5,1
3459,0.5,1
3460,0.5,0
3461,0.5,1
3462,0.5,1
3463,0.5,0
3464,0.5,0
3465,0.5,0
3466,0.5,1
3467,0.5,0
3468,0.5,0
3469,0.5,0
3470,0.5,1
3471,0.5,0
3472,0.5,1
3473,0.5,0
3474,0.5,1
3475,0.5,1
3476,0.5,1
3477,0.5,0
3478,0.5,0
3479,0.5,0
3480,0.5,0
3481,0.5,1
3482,0.5,0
3483,0.5,0
3484,0.5,1
3485,0.5,1
3486,0.5,0
3487,0.5,1
3488,0.5,0
3489,0.5,1
3490,0.5,0
3491,0.5,1
3492,0.5,1
3493,0.5,0
3494,0.5,1
3495,0.5,0
3496,0.5,0
3497,0.5,0
3498,0.5,0
3499,0.5,1
3500,0.5,1
3501,0.5,0
3502,0.5,0
3503,0.5,0
3504,0.5,0
3505,0.5,1
3506,0.5,1
3507,0.5,1
3508,0.5,1
3509,0.5,0
3510,0.5,0
3511,0.5,1
3512,0.5,1
3513,0.5,1
3514,0.5,1
3515,0.5,0
3516,0.5,0
3517,0.5,0
3518,0.5,1
3519,0.5,1
3520,0.5,0
3521,0.5,0
3522,0.5,1
3523,0.5,0
3524,0.5,1
3525,0.5,1
3526,0.5,1
3527,0.5,1
3528,0.5,0
3529,0.5,0
3530,0.5,1
3531,0.5,1
3532,0.5,1
3533,0.5,1
3534,0.5,0
3535,0.5,0
3536,0.5,0
3537,0.5,0
3538,0.5,1
3539,0.5,0
3540,0.5,1
3541,0.5,1
3542,0.5,1
3543,0.5,1
3544,0.5,1
3545,0.5,0
3546,0.5,0
3547,0.5,1
3548,0.5,0
3549,0.5,0
3550,0.5,1
3551,0.5,1
3552,0.5,1
3553,0.5,1
3554,0.5,1
3555,0.5,1
3556,0.5,1
3557,0.5,0
3558,0.5,0
3559,0.5,1
3560,0.5,1
3561,0.5,1
3562,0.5,0
3563,0.5,1
3564,0.5,0
3565,0.5,1
3566,0.5,0
3567,0.5,1
3568,0.5,1
3569,0.5,0
3570,0.5,1
3571,0.5,0
3572,0.5,0
3573,0.5,1
3574,0.5,0
3575,0.5,1
3576,0.5,0
3577,0.5,1
3578,0.5,0
3579,0.5,1
3580,0.5,1
3581,0.5,0
3582,0.5,0
3583,0.5,1
3584,0.5,1
3585,0.5,0
3586,0.5,0
3587,0.5,0
3588,0.5,0
3589,0.5,1
3590,0.5,0
3591,0.5,1
3592,0.5,0
3593,0.5,1
3594,0.5,1
3595,0.5,1
3596,0.5,1
3597,0.5,1
3598,0.5,0
3599,0.5,0
3600,0.5,0
3601,0.5,0
3602,0.5,1
3603,0.5,0
3604,0.5,1
3605,0.5,0
3606,0.5,0
3607,0.5,0
3608,0.5,0
3609,0.5,1
3610,0.5,1
3611,0.5,1
3612,0.5,1
3613,0.5,0
3614,0.5,1
3615,0.5,1
3616,0.5,1
3617,0.5,1
3618,0.5,0
3619,0.5,0
3620,0.5,1
3621,0.5,0
3622,0.5,0
3623,0.5,0
3624,0.5,0
3625,0.5,1
3626,0.5,1
3627,0.5,1
3628,0.5,0
3629,0.5,0
3630,0.5,0
3631,0.5,0
3632,0.5,1
3633,0.5,1
3634,0.5,1
3635,0.5,0
3636,0.5,0
3637,0.5,1
3638,0.5,1
3639,0.5,0
3640,0.5,1
3641,0.5,1
3642,0.5,0
3643,0.5,0
3644,0.5,0
3645,0.5,1
3646,0.5,0
3647,0.5,0
3648,0.5,0
3649,0.5,0
3650,0.5,0
3651,0.5,0
3652,0.5,0
3653,0.5,0
3654,0.5,0
3655,0.5,0
3656,0.5,0
3657,0.5,0
3658,0.5,1
3659,0.5,1
3660,0.5,1
3661,0.5,0
3662,0.5,1
3663,0.5,0
3664,0.5,0
3665,0.5,1
3666,0.5,0
3667,0.5,0
3668,0.5,1
3669,0.5,0
3670,0.5,1
3671,0.5,1
3672,0.5,1
3673,0.5,1
3674,0.5,1
3675,0.5,1
3676,0.5,0
3677,0.5,1
3678,0.5,0
3679,0.5,0
3680,0.5,0
3681,0.5,1
3682,0.5,1
3683,0.5,0
3684,0.5,0
3685,0.5,1
3686,0.5,1
3687,0.5,0
3688,0.5,1
3689,0.5,1
3690,0.5,1
3691,0.5,0
3692,0.5,0
3693,0.5,1
3694,0.5,1
3695,0.5,0
3696,0.5,0
3697,0.5,1
3698,0.5,0
3699,0.5,1
3700,0.5,0
3701,0.5,0
3702,0.5,1
3703,0.5,1
3704,0.5,0
3705,0.5,0
3706,0.5,1
3707,0.5,0
3708,0.5,1
3709,0.5,1
3710,0.5,1
3711,0.5,0
3712,0.5,0
3713,0.5,1
3714,0.5,1
3715,0.5,1
3716,0.5,1
3717,0.5,1
3718,0.5,1
3719,0.5,0
3720,0.5,1
3721,0.5,0
3722,0.5,1
3723,0.5,1
3724,0.5,0
3725,0.5,1
3726,0.5,0
3727,0.5,0
3728,0.5,1
3729,0.5,0
3730,0.5,0
3731,0.5,0
3732,0.5,1
3733,0.5,0
3734,0.5,0
3735,0.5,1
3736,0.5,0
3737,0.5,0
3738,0.5,1
3739,0.5,0
3740,0.5,0
3741,0.5,0
3742,0.5,0
3743,0.5,1
3744,0.5,0
3745,0.5,1
3746,0.5,0
3747,0.5,1
3748,0.5,1
3749,0.5,1
3750,0.5,0
3751,0.5,0
3752,0.5,1
3753,0.5,0
3754,0.5,0
3755,0.5,0
3756,0.5,1
3757,0.5,0
3758,0.5,0
3759,0.5,1
3760,0.5,0
3761,0.5,0
3762,0.5,0
3763,0.5,0
3764,0.5,1
3765,0.5,1
3766,0.5,1
3767,0.5,0
3768,0.5,0
3769,0.5,1
3770,0.5,0
3771,0.5,1
3772,0.5,1
3773,0.5,0
3774,0.5,0
3775,0.5,1
3776,0.5,1
3777,0.5,0
3778,0.5,0
3779,0.5,1
3780,0.5,1
3781,0.5,0
3782,0.5,0
3783,0.5,1
3784,0.5,1
3785,0.5,1
3786,0.5,0
3787,0.5,0
3788,0.5,1
3789,0.5,0
3790,0.5,1
3791,0.5,1
3792,0.5,0
3793,0.5,1
3794,0.5,0
3795,0.5,0
3796,0.5,1
3797,0.5,1
3798,0.5,0
3799,0.5,1
3800,0.5,0
3801,0.5,0
3802,0.5,1
3803,0.5,0
3804,0.5,0
3805,0.5,0
3806,0.5,1
3807,0.5,0
3808,0.5,1
3809,0.5,1
3810,0.5,1
3811,0.5,0
3812,0.5,0
3813,0.5,0
3814,0.5,0
3815,0.5,1
3816,0.5,0
3817,0.5,1
3818,0.5,1
3819,0.5,1
3820,0.5,0
3821,0.5,1
3822,0.5,1
3823,0.5,0
3824,0.5,0
3825,0.5,1
3826,0.5,0
3827,0.5,1
3828,0.5,1
3829,0.5,0
3830,0.5,1
3831,0.5,1
3832,0.5,1
3833,0.5,1
3834,0.5,1
3835,0.5,0
3836,0.5,1
3837,0.5,1
3838,0.5,1
3839,0.5,1
3840,0.5,0
3841,0.5,0
3842,0.5,1
3843,0.5,1
3844,0.5,1
3845,0.5,0
3846,0.5,0
3847,0.5,1
3848,0.5,1
3849,0.5,1
3850,0.5,1
3851,0.5,0
3852,0.5,1
3853,0.5,1
3854,0.5,1
3855,0.5,0
3856,0.5,0
3857,0.5,1
3858,0.5,1
3859,0.5,1
3860,0.5,0
3861,0.5,1
3862,0.5,1
3863,0.5,1
3864,0.5,1
3865,0.5,0
3866,0.5,0
3867,0.5,0
3868,0.5,1
3869,0.5,0
3870,0.5,0
3871,0.5,1
3872,0.5,0
3873,0.5,0
3874,0.5,0
3875,0.5,1
3876,0.5,0
3877,0.5,1
3878,0.5,1
3879,0.5,1
3880,0.5,1
3881,0.5,0
3882,0.5,1
3883,0.5,0
3884,0.5,1
3885,0.5,0
3886,0.5,1
3887,0.5,0
3888,0.5,1
3889,0.5,1
3890,0.5,0
3891,0.5,0
3892,0.5,0
3893,0.5,0
3894,0.5,1
3895,0.5,1
3896,0.5,0
3897,0.5,0
3898,0.5,0
3899,0.5,1
3900,0.5,0
3901,0.5,0
3902,0.5,0
3903,0.5,1
3904,0.5,1
3905,0.5,1
3906,0.5,1
3907,0.5,0
3908,0.5,0
3909,0.5,1
3910,0.5,0
3911,0.5,1
3912,0.5,1
3913,0.5,0
3914,0.5,1
3915,0.5,1
3916,0.5,0
3917,0.5,0
3918,0.5,0
3919,0.5,1
3920,0.5,0
3921,0.5,0
3922,0.5,0
3923,0.5,0
3924,0.5,0
3925,0.5,0
3926,0.5,0
3927,0.5,1
3928,0.5,1
3929,0.5,0
3930,0.5,0
3931,0.5,1
3932,0.5,0
3933,0.5,0
3934,0.5,0
3935,0.5,0
3936,0.5,0
3937,0.5,0
3938,0.5,0
3939,0.5,0
3940,0.5,0
3941,0.5,1
3942,0.5,0
3943,0.5,1
3944,0.5,0
3945,0.5,0
3946,0.5,0
3947,0.5,0
3948,0.5,0
3949,0.5,0
3950,0.5,0
3951,0.5,1
3952,0.5,1
3953,0.5,1
3954,0.5,0
3955,0.5,0
3956,0.5,1
3957,0.5,1
3958,0.5,1
3959,0.5,0
3960,0.5,0
3961,0.5,0
3962,0.5,1
3963,0.5,0
3964,0.5,0
3965,0.5,1
3966,0.5,0
3967,0.5,1
3968,0.5,0
3969,0.5,1
3970,0.5,0
3971,0.5,1
3972,0.5,0
3973,0.5,1
3974,0.5,1
3975,0.5,0
3976,0.5,0
3977,0.5,1
3978,0.5,0
3979,0.5,1
3980,0.5,0
3981,0.5,0
3982,0.5,1
3983,0.5,0
3984,0.5,1
3985,0.5,0
3986,0.5,0
3987,0.5,0
3988,0.5,0
3989,0.5,1
3990,0.5,1
3991,0.5,0
3992,0.5,1
3993,0.5,0
3994,0.5,0
3995,0.5,0
3996,0.5,0
3997,0.5,0
3998,0.5,0
3999,0.5,1
4000,0.5,1
4001,0.5,0
4002,0.5,1
4003,0.5,0
4004,0.5,1
4005,0.5,1
4006,0.5,1
4007,0.5,0
4008,0.5,0
4009,0.5,1
4010,0.5,1
4011,0.5,1
4012,0.5,1
4013,0.5,1
4014,0.5,0
4015,0.5,1
4016,0.5,0
4017,0.5,1
4018,0.5,0
4019,0.5,0
4020,0.5,1
4021,0.5,1
4022,0.5,0
4023,0.5,0
4024,0.5,1
4025,0.5,1
4026,0.5,0
4027,0.5,1
4028,0.5,0
4029,0.5,0
4030,0.5,0
4031,0.5,1
4032,0.5,0
4033,0.5,1
4034,0.5,1
4035,0.5,1
4036,0.5,0
4037,0.5,1
4038,0.5,0
4039,0.5,0
4040,0.5,0
4041,0.5,0
4042,0.5,0
4043,0.5,0
4044,0.5,0
4045,0.5,1
4046,0.5,1
4047,0.5,1
4048,0.5,1
4049,0.5,0
4050,0.5,1
4051,0.5,0
4052,0.5,1
4053,0.5,0
4054,0.5,0
4055,0.5,1
4056,0.5,0
4057,0.5,1
4058,0.5,0
4059,0.5,1
4060,0.5,1
4061,0.5,0
4062,0.5,1
4063,0.5,0
4064,0.5,1
4065,0.5,1
4066,0.5,1
4067,0.5,1
4068,0.5,1
4069,0.5,1
4070,0.5,1
4071,0.5,1
4072,0.5,0
4073,0.5,1
4074,0.5,1
4075,0.5,1
4076,0.5,1
4077,0.5,0
4078,0.5,1
4079,0.5,0
4080,0.5,1
4081,0.5,0
4082,0.5,1
4083,0.5,1
4084,0.5,1
4085,0.5,0
4086,0.5,1
4087,0.5,0
4088,0.5,0
4089,0.5,1
4090,0.5,1
4091,0.5,1
4092,0.5,1
4093,0.5,1
4094,0.5,1
4095,0.5,0
4096,0.5,1
4097,0.5,1
4098,0.5,0
4099,0.5,1
4100,0.5,1
4101,0.5,0
4102,0.5,0
4103,0.5,0
4104,0.5,1
4105,0.5,0
4106,0.5,0
4107,0.5,0
4108,0.5,1
4109,0.5,1
4110,0.5,0
4111,0.5,0
4112,0.5,0
4113,0.5,1
4114,0.5,1
4115,0.5,0
4116,0.5,0
4117,0.5,1
4118,0.5,1
4119,0.5,0
4120,0.5,1
4121,0.5,1
4122,0.5,0
4123,0.5,1
4124,0.5,1
4125,0.5,1
4126,0.5,0
4127,0.5,1
4128,0.5,0
4129,0.5,1
4130,0.5,0
4131,0.5,0
4132,0.5,0
4133,0.5,1
4134,0.5,0
4135,0.5,0
4136,0.5,1
4137,0.5,1
4138,0.5,1
4139,0.5,1
4140,0.5,1
4141,0.5,1
4142,0.5,0
4143,0.5,0
4144,0.5,1
4145,0.5,0
4146,0.5,1
4147,0.5,1
4148,0.5,1
4149,0.5,1
4150,0.5,0
4151,0.5,1
4152,0.5,1
4153,0.5,0
4154,0.5,1
4155,0.5,1
4156,0.5,1
4157,0.5,1
4158,0.5,1
4159,0.5,1
4160,0.5,0
4161,0.5,1
4162,0.5,0
4163,0.5,0
4164,0.5,0
4165,0.5,0
4166,0.5,1
4167,0.5,0
4168,0.5,0
4169,0.5,0
4170,0.5,1
4171,0.5,0
4172,0.5,0
4173,0.5,1
4174,0.5,0
4175,0.5,0
4176,0.5,0
4177,0.5,0
4178,0.5,1
4179,0.5,0
4180,0.5,1
4181,0.5,0
4182,0.5,0
4183,0.5,1
4184,0.5,0
4185,0.5,1
4186,0.5,1
4187,0.5,1
4188,0.5,1
4189,0.5,0
4190,0.5,0
4191,0.5,0
4192,0.5,1
4193,0.5,0
4194,0.5,1
4195,0.5,1
4196,0.5,0
4197,0.5,0
4198,0.5,0
4199,0.5,0
4200,0.5,1
4201,0.5,0
4202,0.5,1
4203,0.5,1
4204,0.5,0
4205,0.5,1
4206,0.5,1
4207,0.5,0
4208,0.5,1
4209,0.5,0
4210,0.5,1
4211,0.5,1
4212,0.5,0
4213,0.5,1
4214,0.5,1
4215,0.5,1
4216,0.5,1
4217,0.5,1
4218,0.5,1
4219,0.5,1
4220,0.5,1
4221,0.5,1
4222,0.5,0
4223,0.5,1
4224,0.5,1
4225,0.5,0
4226,0.5,1
4227,0.5,1
4228,0.5,0
4229,0.5,0
4230,0.5,0
4231,0.5,1
4232,0.5,1
4233,0.5,1
4234,0.5,1
4235,0.5,1
4236,0.5,1
4237,0.5,0
4238,0.5,0
4239,0.5,1
4240,0.5,1
4241,0.5,0
4242,0.5,1
4243,0.5,0
4244,0.5,0
4245,0.5,1
4246,0.5,1
4247,0.5,1
4248,0.5,1
4249,0.5,1
4250,0.5,1
4251,0.5,1
4252,0.5,0
4253,0.5,1
4254,0.5,1
4255,0.5,0
4256,0.5,1
4257,0.5,0
4258,0.5,0
4259,0.5,0
4260,0.5,0
4261,0.5,1
4262,0.5,1
4263,0.5,1
4264,0.5,1
4265,0.5,1
4266,0.5,0
4267,0.5,1
4268,0.5,0
4269,0.5,0
4270,0.5,1
4271,0.5,0
4272,0.5,0
4273,0.5,1
4274,0.5,1
4275,0.5,0
4276,0.5,0
4277,0.5,1
4278,0.5,1
4279,0.5,0
4280,0.5,1
4281,0.5,0
4282,0.5,1
4283,0.5,0
4284,0.5,1
4285,0.5,1
4286,0.5,0
4287,0.5,0
4288,0.5,0
4289,0.5,1
4290,0.5,0
4291,0.5,0
4292,0.5,1
4293,0.5,0
4294,0.5,1
4295,0.5,1
4296,0.5,1
4297,0.5,0
4298,0.5,1
4299,0.5,1
4300,0.5,0
4301,0.5,0
4302,0.5,0
4303,0.5,1
4304,0.5,1
4305,0.5,0
4306,0.5,0
4307,0.5,0
4308,0.5,0
4309,0.5,0
4310,0.5,1
4311,0.5,0
4312,0.5,0
4313,0.5,0
4314,0.5,0
4315,0.5,0
4316,0.5,1
4317,0.5,0
4318,0.5,1
4319,0.5,0
4320,0.5,1
4321,0.5,1
4322,0.5,1
4323,0.5,0
4324,0.5,0
4325,0.5,0
4326,0.5,0
4327,0.5,0
4328,0.5,0
4329,0.5,0
4330,0.5,0
4331,0.5,0
4332,0.5,1
4333,0.5,0
4334,0.5,0
4335,0.5,1
4336,0.5,0
4337,0.5,1
4338,0.5,0
4339,0.5,1
4340,0.5,1
4341,0.5,0
4342,0.5,1
4343,0.5,1
4344,0.5,1
4345,0.5,0
4346,0.5,0
4347,0.5,0
4348,0.5,1
4349,0.5,1
4350,0.5,0
4351,0.5,1
4352,0.5,1
4353,0.5,1
4354,0.5,1
4355,0.5,1
4356,0.5,0
4357,0.5,1
4358,0.5,0
4359,0.5,0
4360,0.5,0
4361,0.5,1
4362,0.5,0
4363,0.5,1
4364,0.5,0
4365,0.5,0
4366,0.5,1
4367,0.5,0
4368,0.5,1
4369,0.5,1
4370,0.5,1
4371,0.5,1
4372,0.5,0
4373,0.5,1
4374,0.5,1
4375,0.5,1
4376,0.5,1
4377,0.5,0
4378,0.5,0
4379,0.5,0
4380,0.5,0
4381,0.5,0
4382,0.5,1
4383,0.5,0
4384,0.5,0
4385,0.5,0
4386,0.5,1
4387,0.5,1
4388,0.5,1
4389,0.5,0
4390,0.5,1
4391,0.5,0
4392,0.5,1
4393,0.5,0
4394,0.5,0
4395,0.5,1
4396,0.5,1
4397,0.5,0
4398,0.5,0
4399,0.5,1
4400,0.5,0
4401,0.5,0
4402,0.5,0
4403,0.5,0
4404,0.5,1
4405,0.5,0
4406,0.5,1
4407,0.5,0
4408,0.5,1
4409,0.5,0
4410,0.5,1
4411,0.5,0
4412,0.5,1
4413,0.5,0
4414,0.5,1
4415,0.5,0
4416,0.5,1
4417,0.5,0
4418,0.5,0
4419,0.5,0
4420,0.5,0
4421,0.5,0
4422,0.5,0
4423,0.5,0
4424,0.5,1
4425,0.5,1
4426,0.5,1
4427,0.5,0
4428,0.5,1
4429,0.5,0
4430,0.5,1
4431,0.5,0
4432,0.5,0
4433,0.5,0
4434,0.5,1
4435,0.5,0
4436,0.5,0
4437,0.5,1
4438,0.5,0
4439,0.5,0
4440,0.5,1
4441,0.5,0
4442,0.5,0
4443,0.5,1
4444,0.5,0
4445,0.5,1
4446,0.5,0
4447,0.5,1
4448,0.5,0
4449,0.5,0
4450,0.5,1
4451,0.5,1
4452,0.5,1
4453,0.5,0
4454,0.5,1
4455,0.5,0
4456,0.5,0
4457,0.5,0
4458,0.5,1
4459,0.5,1
4460,0.5,0
4461,0.5,0
4462,0.5,0
4463,0.5,1
4464,0.5,1
4465,0.5,0
4466,0.5,1
4467,0.5,0
4468,0.5,1
4469,0.5,0
4470,0.5,0
4471,0.5,0
4472,0.5,0
4473,0.5,1
4474,0.5,0
4475,0.5,0
4476,0.5,0
4477,0.5,1
4478,0.5,0
4479,0.5,0
4480,0.5,0
4481,0.5,0
4482,0.5,1
4483,0.5,1
4484,0.5,1
4485,0.5,1
4486,0.5,1
4487,0.5,1
4488,0.5,1
4489,0.5,1
4490,0.5,1
4491,0.5,0
4492,0.5,0
4493,0.5,0
4494,0.5,1
4495,0.5,1
4496,0.5,0
4497,0.5,0
4498,0.5,0
4499,0.5,0
4500,0.5,0
4501,0.5,0
4502,0.5,1
4503,0.5,1
4504,0.5,1
4505,0.5,1
4506,0.5,0
4507,0.5,0
4508,0.5,1
4509,0.5,0
4510,0.5,1
4511,0.5,0
4512,0.5,1
4513,0.5,1
4514,0.5,0
4515,0.5,0
4516,0.5,1
4517,0.5,1
4518,0.5,1
4519,0.5,1
4520,0.5,1
4521,0.5,0
4522,0.5,1
4523,0.5,1
4524,0.5,0
4525,0.5,1
4526,0.5,0
4527,0.5,0
4528,0.5,1
4529,0.5,1
4530,0.5,0
4531,0.5,0
4532,0.5,0
4533,0.5,0
4534,0.5,0
4535,0.5,1
4536,0.5,1
4537,0.5,0
4538,0.5,0
4539,0.5,1
4540,0.5,1
4541,0.5,0
4542,0.5,1
4543,0.5,1
4544,0.5,1
4545,0.5,1
4546,0.5,1
4547,0.5,0
4548,0.5,1
4549,0.5,0
4550,0.5,0
4551,0.5,1
4552,0.5,1
4553,0.5,0
4554,0.5,0
4555,0.5,1
4556,0.5,1
4557,0.5,0
4558,0.5,1
4559,0.5,0
4560,0.5,0
4561,0.5,1
4562,0.5,0
4563,0.5,0
4564,0.5,0
4565,0.5,0
4566,0.5,0
4567,0.5,0
4568,0.5,0
4569,0.5,1
4570,0.5,1
4571,0.5,0
4572,0.5,1
4573,0.5,1
4574,0.5,1
4575,0.5,1
4576,0.5,1
4577,0.5,1
4578,0.5,0
4579,0.5,1
4580,0.5,1
4581,0.5,0
4582,0.5,1
4583,0.5,1
4584,0.5,0
4585,0.5,1
4586,0.5,1
4587,0.5,1
4588,0.5,0
4589,0.5,0
4590,0.5,1
4591,0.5,1
4592,0.5,1
4593,0.5,1
4594,0.5,1
4595,0.5,0
4596,0.5,1
4597,0.5,1
4598,0.5,1
4599,0.5,0
4600,0.5,0
4601,0.5,0
4602,0.5,0
4603,0.5,1
4604,0.5,1
4605,0.5,1
4606,0.5,1
4607,0.5,0
4608,0.5,1
4609,0.5,0
4610,0.5,1
4611,0.5,0
4612,0.5,1
4613,0.5,1
4614,0.5,0
4615,0.5,0
4616,0.5,1
4617,0.5,0
4618,0.5,1
4619,0.5,0
4620,0.5,0
4621,0.5,1
4622,0.5,1
4623,0.5,1
4624,0.5,1
4625,0.5,0
4626,0.5,1
4627,0.5,1
4628,0.5,1
4629,0.5,1
4630,0.5,0
4631,0.5,0
4632,0.5,0
4633,0.5,1
4634,0.5,0
4635,0.5,0
4636,0.5,1
4637,0.5,1
4638,0.5,1
4639,0.5,0
4640,0.5,1
4641,0.5,0
4642,0.5,1
4643,0.5,0
4644,0.5,1
4645,0.5,1
4646,0.5,0
4647,0.5,1
4648,0.5,1
4649,0.5,0
4650,0.5,0
4651,0.5,1
4652,0.5,1
4653,0.5,1
4654,0.5,1
4655,0.5,0
4656,0.5,1
4657,0.5,0
4658,0.5,0
4659,0.5,0
4660,0.5,1
4661,0.5,1
4662,0.5,1
4663,0.5,1
4664,0.5,0
4665,0.5,0
4666,0.5,1
4667,0.5,1
4668,0.5,0
4669,0.5,1
4670,0.5,1
4671,0.5,0
4672,0.5,1
4673,0.5,0
4674,0.5,1
4675,0.5,1
4676,0.5,1
4677,0.5,1
4678,0.5,1
4679,0.5,1
4680,0.5,0
4681,0.5,1
4682,0.5,1
4683,0.5,0
4684,0.5,0
4685,0.5,0
4686,0.5,0
4687,0.5,0
4688,0.5,0
4689,0.5,1
4690,0.5,1
4691,0.5,1
4692,0.5,1
4693,0.5,0
4694,0.5,1
4695,0.5,1
4696,0.5,0
4697,0.5,1
4698,0.5,0
4699,0.5,0
4700,0.5,0
4701,0.5,0
4702,0.5,1
4703,0.5,1
4704,0.5,0
4705,0.5,0
4706,0.5,1
4707,0.5,0
4708,0.5,0
4709,0.5,1
4710,0.5,1
4711,0.5,1
4712,0.5,1
4713,0.5,1
4714,0.5,0
4715,0.5,1
4716,0.5,1
4717,0.5,1
4718,0.5,1
4719,0.5,0
4720,0.5,0
4721,0.5,0
4722,0.5,1
4723,0.5,1
4724,0.5,0
4725,0.5,1
4726,0.5,1
4727,0.5,1
4728,0.5,1
4729,0.5,0
4730,0.5,1
4731,0.5,1
4732,0.5,1
4733,0.5,0
4734,0.5,0
4735,0.5,0
4736,0.5,1
4737,0.5,1
4738,0.5,0
4739,0.5,1
4740,0.5,1
4741,0.5,0
4742,0.5,1
4743,0.5,0
4744,0.5,1
4745,0.5,1
4746,0.5,1
4747,0.5,0
4748,0.5,0
4749,0.5,0
4750,0.5,0
4751,0.5,1
4752,0.5,1
4753,0.5,0
4754,0.5,0
4755,0.5,0
4756,0.5,1
4757,0.5,0
4758,0.5,1
4759,0.5,1
4760,0.5,0
4761,0.5,1
4762,0.5,0
4763,0.5,1
4764,0.5,1
4765,0.5,0
4766,0.5,0
4767,0.5,0
4768,0.5,0
4769,0.5,1
4770,0.5,0
4771,0.5,0
4772,0.5,1
4773,0.5,1
4774,0.5,1
4775,0.5,1
4776,0.5,0
4777,0.5,1
4778,0.5,0
4779,0.5,0
4780,0.5,0
4781,0.5,1
4782,0.5,0
4783,0.5,0
4784,0.5,0
4785,0.5,1
4786,0.5,1
4787,0.5,0
4788,0.5,0
4789,0.5,1
4790,0.5,0
4791,0.5,0
4792,0.5,0
4793,0.5,1
4794,0.5,0
4795,0.5,1
4796,0.5,0
4797,0.5,0
4798,0.5,1
4799,0.5,1
4800,0.5,1
4801,0.5,1
4802,0.5,0
4803,0.5,1
4804,0.5,1
4805,0.5,1
4806,0.5,1
4807,0.5,0
4808,0.5,1
4809,0.5,1
4810,0.5,0
4811,0.5,0
4812,0.5,1
4813,0.5,0
4814,0.5,1
4815,0.5,0
4816,0.5,0
4817,0.5,0
4818,0.5,1
4819,0.5,1
4820,0.5,1
4821,0.5,0
4822,0.5,1
4823,0.5,1
4824,0.5,1
4825,0.5,1
4826,0.5,0
4827,0.5,0
4828,0.5,0
4829,0.5,1
4830,0.5,1
4831,0.5,1
4832,0.5,0
4833,0.5,1
4834,0.5,1
4835,0.5,1
4836,0.5,1
4837,0.5,1
4838,0.5,1
4839,0.5,1
4840,0.5,1
4841,0.5,1
4842,0.5,1
4843,0.5,1
4844,0.5,0
4845,0.5,1
4846,0.5,0
4847,0.5,1
